alias	brand	family	line	model	model_code	priority	source_policy
13	APPLE	IPHONE	13	iPhone 13	APPLE_IPHONE_13	100	generated_alias_delta_v1_1
аппл 13	APPLE	IPHONE	13	iPhone 13	APPLE_IPHONE_13	100	generated_alias_delta_v1_1
эппл 13	APPLE	IPHONE	13	iPhone 13	APPLE_IPHONE_13	100	generated_alias_delta_v1_1
apple 13	APPLE	IPHONE	13	iPhone 13	APPLE_IPHONE_13	100	generated_alias_delta_v1_1
iphone13	APPLE	IPHONE	13	iPhone 13	APPLE_IPHONE_13	100	generated_alias_delta_v1_1
айфон 13	APPLE	IPHONE	13	iPhone 13	APPLE_IPHONE_13	100	generated_alias_delta_v1_1
iPhone 13	APPLE	IPHONE	13	iPhone 13	APPLE_IPHONE_13	100	generated_alias_delta_v1_1
аппл iphone 13	APPLE	IPHONE	13	iPhone 13	APPLE_IPHONE_13	100	generated_alias_delta_v1_1
эппл iphone 13	APPLE	IPHONE	13	iPhone 13	APPLE_IPHONE_13	100	generated_alias_delta_v1_1
apple iphone 13	APPLE	IPHONE	13	iPhone 13	APPLE_IPHONE_13	100	generated_alias_delta_v1_1
15	APPLE	IPHONE	15	iPhone 15	APPLE_IPHONE_15	100	generated_alias_delta_v1_1
аппл 15	APPLE	IPHONE	15	iPhone 15	APPLE_IPHONE_15	100	generated_alias_delta_v1_1
эппл 15	APPLE	IPHONE	15	iPhone 15	APPLE_IPHONE_15	100	generated_alias_delta_v1_1
apple 15	APPLE	IPHONE	15	iPhone 15	APPLE_IPHONE_15	100	generated_alias_delta_v1_1
iphone15	APPLE	IPHONE	15	iPhone 15	APPLE_IPHONE_15	100	generated_alias_delta_v1_1
айфон 15	APPLE	IPHONE	15	iPhone 15	APPLE_IPHONE_15	100	generated_alias_delta_v1_1
iPhone 15	APPLE	IPHONE	15	iPhone 15	APPLE_IPHONE_15	100	generated_alias_delta_v1_1
аппл iphone 15	APPLE	IPHONE	15	iPhone 15	APPLE_IPHONE_15	100	generated_alias_delta_v1_1
эппл iphone 15	APPLE	IPHONE	15	iPhone 15	APPLE_IPHONE_15	100	generated_alias_delta_v1_1
apple iphone 15	APPLE	IPHONE	15	iPhone 15	APPLE_IPHONE_15	100	generated_alias_delta_v1_1
15pro	APPLE	IPHONE	15	iPhone 15 Pro	APPLE_IPHONE_15_PRO	100	generated_alias_delta_v1_1
15 pro	APPLE	IPHONE	15	iPhone 15 Pro	APPLE_IPHONE_15_PRO	100	generated_alias_delta_v1_1
айфон 15	APPLE	IPHONE	15	iPhone 15 Pro	APPLE_IPHONE_15_PRO	100	generated_alias_delta_v1_1
iphone 15	APPLE	IPHONE	15	iPhone 15 Pro	APPLE_IPHONE_15_PRO	100	generated_alias_delta_v1_1
iphone15pro	APPLE	IPHONE	15	iPhone 15 Pro	APPLE_IPHONE_15_PRO	100	generated_alias_delta_v1_1
аппл 15 pro	APPLE	IPHONE	15	iPhone 15 Pro	APPLE_IPHONE_15_PRO	100	generated_alias_delta_v1_1
эппл 15 pro	APPLE	IPHONE	15	iPhone 15 Pro	APPLE_IPHONE_15_PRO	100	generated_alias_delta_v1_1
apple 15 pro	APPLE	IPHONE	15	iPhone 15 Pro	APPLE_IPHONE_15_PRO	100	generated_alias_delta_v1_1
айфон 15 pro	APPLE	IPHONE	15	iPhone 15 Pro	APPLE_IPHONE_15_PRO	100	generated_alias_delta_v1_1
iPhone 15 Pro	APPLE	IPHONE	15	iPhone 15 Pro	APPLE_IPHONE_15_PRO	100	generated_alias_delta_v1_1
аппл iphone 15 pro	APPLE	IPHONE	15	iPhone 15 Pro	APPLE_IPHONE_15_PRO	100	generated_alias_delta_v1_1
эппл iphone 15 pro	APPLE	IPHONE	15	iPhone 15 Pro	APPLE_IPHONE_15_PRO	100	generated_alias_delta_v1_1
apple iphone 15 pro	APPLE	IPHONE	15	iPhone 15 Pro	APPLE_IPHONE_15_PRO	100	generated_alias_delta_v1_1
15promax	APPLE	IPHONE	15	iPhone 15 Pro Max	APPLE_IPHONE_15_PRO_MAX	100	generated_alias_delta_v1_1
айфон 15	APPLE	IPHONE	15	iPhone 15 Pro Max	APPLE_IPHONE_15_PRO_MAX	100	generated_alias_delta_v1_1
iphone 15	APPLE	IPHONE	15	iPhone 15 Pro Max	APPLE_IPHONE_15_PRO_MAX	100	generated_alias_delta_v1_1
15 pro max	APPLE	IPHONE	15	iPhone 15 Pro Max	APPLE_IPHONE_15_PRO_MAX	100	generated_alias_delta_v1_1
iphone15promax	APPLE	IPHONE	15	iPhone 15 Pro Max	APPLE_IPHONE_15_PRO_MAX	100	generated_alias_delta_v1_1
аппл 15 pro max	APPLE	IPHONE	15	iPhone 15 Pro Max	APPLE_IPHONE_15_PRO_MAX	100	generated_alias_delta_v1_1
эппл 15 pro max	APPLE	IPHONE	15	iPhone 15 Pro Max	APPLE_IPHONE_15_PRO_MAX	100	generated_alias_delta_v1_1
apple 15 pro max	APPLE	IPHONE	15	iPhone 15 Pro Max	APPLE_IPHONE_15_PRO_MAX	100	generated_alias_delta_v1_1
iphone 15 promax	APPLE	IPHONE	15	iPhone 15 Pro Max	APPLE_IPHONE_15_PRO_MAX	100	generated_alias_delta_v1_1
айфон 15 pro max	APPLE	IPHONE	15	iPhone 15 Pro Max	APPLE_IPHONE_15_PRO_MAX	100	generated_alias_delta_v1_1
iPhone 15 Pro Max	APPLE	IPHONE	15	iPhone 15 Pro Max	APPLE_IPHONE_15_PRO_MAX	100	generated_alias_delta_v1_1
аппл iphone 15 pro max	APPLE	IPHONE	15	iPhone 15 Pro Max	APPLE_IPHONE_15_PRO_MAX	100	generated_alias_delta_v1_1
эппл iphone 15 pro max	APPLE	IPHONE	15	iPhone 15 Pro Max	APPLE_IPHONE_15_PRO_MAX	100	generated_alias_delta_v1_1
apple iphone 15 pro max	APPLE	IPHONE	15	iPhone 15 Pro Max	APPLE_IPHONE_15_PRO_MAX	100	generated_alias_delta_v1_1
16	APPLE	IPHONE	16	iPhone 16	APPLE_IPHONE_16	100	generated_alias_delta_v1_1
аппл 16	APPLE	IPHONE	16	iPhone 16	APPLE_IPHONE_16	100	generated_alias_delta_v1_1
эппл 16	APPLE	IPHONE	16	iPhone 16	APPLE_IPHONE_16	100	generated_alias_delta_v1_1
apple 16	APPLE	IPHONE	16	iPhone 16	APPLE_IPHONE_16	100	generated_alias_delta_v1_1
iphone16	APPLE	IPHONE	16	iPhone 16	APPLE_IPHONE_16	100	generated_alias_delta_v1_1
айфон 16	APPLE	IPHONE	16	iPhone 16	APPLE_IPHONE_16	100	generated_alias_delta_v1_1
iPhone 16	APPLE	IPHONE	16	iPhone 16	APPLE_IPHONE_16	100	generated_alias_delta_v1_1
аппл iphone 16	APPLE	IPHONE	16	iPhone 16	APPLE_IPHONE_16	100	generated_alias_delta_v1_1
эппл iphone 16	APPLE	IPHONE	16	iPhone 16	APPLE_IPHONE_16	100	generated_alias_delta_v1_1
apple iphone 16	APPLE	IPHONE	16	iPhone 16	APPLE_IPHONE_16	100	generated_alias_delta_v1_1
16pro	APPLE	IPHONE	16	iPhone 16 Pro	APPLE_IPHONE_16_PRO	100	generated_alias_delta_v1_1
16 pro	APPLE	IPHONE	16	iPhone 16 Pro	APPLE_IPHONE_16_PRO	100	generated_alias_delta_v1_1
айфон 16	APPLE	IPHONE	16	iPhone 16 Pro	APPLE_IPHONE_16_PRO	100	generated_alias_delta_v1_1
iphone 16	APPLE	IPHONE	16	iPhone 16 Pro	APPLE_IPHONE_16_PRO	100	generated_alias_delta_v1_1
iphone16pro	APPLE	IPHONE	16	iPhone 16 Pro	APPLE_IPHONE_16_PRO	100	generated_alias_delta_v1_1
аппл 16 pro	APPLE	IPHONE	16	iPhone 16 Pro	APPLE_IPHONE_16_PRO	100	generated_alias_delta_v1_1
эппл 16 pro	APPLE	IPHONE	16	iPhone 16 Pro	APPLE_IPHONE_16_PRO	100	generated_alias_delta_v1_1
apple 16 pro	APPLE	IPHONE	16	iPhone 16 Pro	APPLE_IPHONE_16_PRO	100	generated_alias_delta_v1_1
айфон 16 pro	APPLE	IPHONE	16	iPhone 16 Pro	APPLE_IPHONE_16_PRO	100	generated_alias_delta_v1_1
iPhone 16 Pro	APPLE	IPHONE	16	iPhone 16 Pro	APPLE_IPHONE_16_PRO	100	generated_alias_delta_v1_1
аппл iphone 16 pro	APPLE	IPHONE	16	iPhone 16 Pro	APPLE_IPHONE_16_PRO	100	generated_alias_delta_v1_1
эппл iphone 16 pro	APPLE	IPHONE	16	iPhone 16 Pro	APPLE_IPHONE_16_PRO	100	generated_alias_delta_v1_1
apple iphone 16 pro	APPLE	IPHONE	16	iPhone 16 Pro	APPLE_IPHONE_16_PRO	100	generated_alias_delta_v1_1
16promax	APPLE	IPHONE	16	iPhone 16 Pro Max	APPLE_IPHONE_16_PRO_MAX	100	generated_alias_delta_v1_1
айфон 16	APPLE	IPHONE	16	iPhone 16 Pro Max	APPLE_IPHONE_16_PRO_MAX	100	generated_alias_delta_v1_1
iphone 16	APPLE	IPHONE	16	iPhone 16 Pro Max	APPLE_IPHONE_16_PRO_MAX	100	generated_alias_delta_v1_1
16 pro max	APPLE	IPHONE	16	iPhone 16 Pro Max	APPLE_IPHONE_16_PRO_MAX	100	generated_alias_delta_v1_1
iphone16promax	APPLE	IPHONE	16	iPhone 16 Pro Max	APPLE_IPHONE_16_PRO_MAX	100	generated_alias_delta_v1_1
аппл 16 pro max	APPLE	IPHONE	16	iPhone 16 Pro Max	APPLE_IPHONE_16_PRO_MAX	100	generated_alias_delta_v1_1
эппл 16 pro max	APPLE	IPHONE	16	iPhone 16 Pro Max	APPLE_IPHONE_16_PRO_MAX	100	generated_alias_delta_v1_1
apple 16 pro max	APPLE	IPHONE	16	iPhone 16 Pro Max	APPLE_IPHONE_16_PRO_MAX	100	generated_alias_delta_v1_1
iphone 16 promax	APPLE	IPHONE	16	iPhone 16 Pro Max	APPLE_IPHONE_16_PRO_MAX	100	generated_alias_delta_v1_1
айфон 16 pro max	APPLE	IPHONE	16	iPhone 16 Pro Max	APPLE_IPHONE_16_PRO_MAX	100	generated_alias_delta_v1_1
iPhone 16 Pro Max	APPLE	IPHONE	16	iPhone 16 Pro Max	APPLE_IPHONE_16_PRO_MAX	100	generated_alias_delta_v1_1
аппл iphone 16 pro max	APPLE	IPHONE	16	iPhone 16 Pro Max	APPLE_IPHONE_16_PRO_MAX	100	generated_alias_delta_v1_1
эппл iphone 16 pro max	APPLE	IPHONE	16	iPhone 16 Pro Max	APPLE_IPHONE_16_PRO_MAX	100	generated_alias_delta_v1_1
apple iphone 16 pro max	APPLE	IPHONE	16	iPhone 16 Pro Max	APPLE_IPHONE_16_PRO_MAX	100	generated_alias_delta_v1_1
17	APPLE	IPHONE	17	iPhone 17	APPLE_IPHONE_17	100	generated_alias_delta_v1_1
аппл 17	APPLE	IPHONE	17	iPhone 17	APPLE_IPHONE_17	100	generated_alias_delta_v1_1
эппл 17	APPLE	IPHONE	17	iPhone 17	APPLE_IPHONE_17	100	generated_alias_delta_v1_1
apple 17	APPLE	IPHONE	17	iPhone 17	APPLE_IPHONE_17	100	generated_alias_delta_v1_1
iphone17	APPLE	IPHONE	17	iPhone 17	APPLE_IPHONE_17	100	generated_alias_delta_v1_1
айфон 17	APPLE	IPHONE	17	iPhone 17	APPLE_IPHONE_17	100	generated_alias_delta_v1_1
iPhone 17	APPLE	IPHONE	17	iPhone 17	APPLE_IPHONE_17	100	generated_alias_delta_v1_1
аппл iphone 17	APPLE	IPHONE	17	iPhone 17	APPLE_IPHONE_17	100	generated_alias_delta_v1_1
эппл iphone 17	APPLE	IPHONE	17	iPhone 17	APPLE_IPHONE_17	100	generated_alias_delta_v1_1
apple iphone 17	APPLE	IPHONE	17	iPhone 17	APPLE_IPHONE_17	100	generated_alias_delta_v1_1
17pro	APPLE	IPHONE	17	iPhone 17 Pro	APPLE_IPHONE_17_PRO	100	generated_alias_delta_v1_1
17 pro	APPLE	IPHONE	17	iPhone 17 Pro	APPLE_IPHONE_17_PRO	100	generated_alias_delta_v1_1
айфон 17	APPLE	IPHONE	17	iPhone 17 Pro	APPLE_IPHONE_17_PRO	100	generated_alias_delta_v1_1
iphone 17	APPLE	IPHONE	17	iPhone 17 Pro	APPLE_IPHONE_17_PRO	100	generated_alias_delta_v1_1
iphone17pro	APPLE	IPHONE	17	iPhone 17 Pro	APPLE_IPHONE_17_PRO	100	generated_alias_delta_v1_1
аппл 17 pro	APPLE	IPHONE	17	iPhone 17 Pro	APPLE_IPHONE_17_PRO	100	generated_alias_delta_v1_1
эппл 17 pro	APPLE	IPHONE	17	iPhone 17 Pro	APPLE_IPHONE_17_PRO	100	generated_alias_delta_v1_1
apple 17 pro	APPLE	IPHONE	17	iPhone 17 Pro	APPLE_IPHONE_17_PRO	100	generated_alias_delta_v1_1
айфон 17 pro	APPLE	IPHONE	17	iPhone 17 Pro	APPLE_IPHONE_17_PRO	100	generated_alias_delta_v1_1
iPhone 17 Pro	APPLE	IPHONE	17	iPhone 17 Pro	APPLE_IPHONE_17_PRO	100	generated_alias_delta_v1_1
аппл iphone 17 pro	APPLE	IPHONE	17	iPhone 17 Pro	APPLE_IPHONE_17_PRO	100	generated_alias_delta_v1_1
эппл iphone 17 pro	APPLE	IPHONE	17	iPhone 17 Pro	APPLE_IPHONE_17_PRO	100	generated_alias_delta_v1_1
apple iphone 17 pro	APPLE	IPHONE	17	iPhone 17 Pro	APPLE_IPHONE_17_PRO	100	generated_alias_delta_v1_1
17promax	APPLE	IPHONE	17	iPhone 17 Pro Max	APPLE_IPHONE_17_PRO_MAX	100	generated_alias_delta_v1_1
айфон 17	APPLE	IPHONE	17	iPhone 17 Pro Max	APPLE_IPHONE_17_PRO_MAX	100	generated_alias_delta_v1_1
iphone 17	APPLE	IPHONE	17	iPhone 17 Pro Max	APPLE_IPHONE_17_PRO_MAX	100	generated_alias_delta_v1_1
17 pro max	APPLE	IPHONE	17	iPhone 17 Pro Max	APPLE_IPHONE_17_PRO_MAX	100	generated_alias_delta_v1_1
iphone17promax	APPLE	IPHONE	17	iPhone 17 Pro Max	APPLE_IPHONE_17_PRO_MAX	100	generated_alias_delta_v1_1
аппл 17 pro max	APPLE	IPHONE	17	iPhone 17 Pro Max	APPLE_IPHONE_17_PRO_MAX	100	generated_alias_delta_v1_1
эппл 17 pro max	APPLE	IPHONE	17	iPhone 17 Pro Max	APPLE_IPHONE_17_PRO_MAX	100	generated_alias_delta_v1_1
apple 17 pro max	APPLE	IPHONE	17	iPhone 17 Pro Max	APPLE_IPHONE_17_PRO_MAX	100	generated_alias_delta_v1_1
iphone 17 promax	APPLE	IPHONE	17	iPhone 17 Pro Max	APPLE_IPHONE_17_PRO_MAX	100	generated_alias_delta_v1_1
айфон 17 pro max	APPLE	IPHONE	17	iPhone 17 Pro Max	APPLE_IPHONE_17_PRO_MAX	100	generated_alias_delta_v1_1
iPhone 17 Pro Max	APPLE	IPHONE	17	iPhone 17 Pro Max	APPLE_IPHONE_17_PRO_MAX	100	generated_alias_delta_v1_1
аппл iphone 17 pro max	APPLE	IPHONE	17	iPhone 17 Pro Max	APPLE_IPHONE_17_PRO_MAX	100	generated_alias_delta_v1_1
эппл iphone 17 pro max	APPLE	IPHONE	17	iPhone 17 Pro Max	APPLE_IPHONE_17_PRO_MAX	100	generated_alias_delta_v1_1
apple iphone 17 pro max	APPLE	IPHONE	17	iPhone 17 Pro Max	APPLE_IPHONE_17_PRO_MAX	100	generated_alias_delta_v1_1
9pro	GOOGLE	PIXEL	9	Pixel 9 Pro	GOOGLE_PIXEL_9_PRO	100	generated_alias_delta_v1_1
9 pro	GOOGLE	PIXEL	9	Pixel 9 Pro	GOOGLE_PIXEL_9_PRO	100	generated_alias_delta_v1_1
pixel9pro	GOOGLE	PIXEL	9	Pixel 9 Pro	GOOGLE_PIXEL_9_PRO	100	generated_alias_delta_v1_1
гугл 9 pro	GOOGLE	PIXEL	9	Pixel 9 Pro	GOOGLE_PIXEL_9_PRO	100	generated_alias_delta_v1_1
Pixel 9 Pro	GOOGLE	PIXEL	9	Pixel 9 Pro	GOOGLE_PIXEL_9_PRO	100	generated_alias_delta_v1_1
google 9 pro	GOOGLE	PIXEL	9	Pixel 9 Pro	GOOGLE_PIXEL_9_PRO	100	generated_alias_delta_v1_1
пиксель 9 pro	GOOGLE	PIXEL	9	Pixel 9 Pro	GOOGLE_PIXEL_9_PRO	100	generated_alias_delta_v1_1
гугл pixel 9 pro	GOOGLE	PIXEL	9	Pixel 9 Pro	GOOGLE_PIXEL_9_PRO	100	generated_alias_delta_v1_1
google pixel 9 pro	GOOGLE	PIXEL	9	Pixel 9 Pro	GOOGLE_PIXEL_9_PRO	100	generated_alias_delta_v1_1
9proxl	GOOGLE	PIXEL	9	Pixel 9 Pro XL	GOOGLE_PIXEL_9_PRO_XL	100	generated_alias_delta_v1_1
9 pro xl	GOOGLE	PIXEL	9	Pixel 9 Pro XL	GOOGLE_PIXEL_9_PRO_XL	100	generated_alias_delta_v1_1
pixel9proxl	GOOGLE	PIXEL	9	Pixel 9 Pro XL	GOOGLE_PIXEL_9_PRO_XL	100	generated_alias_delta_v1_1
гугл 9 pro xl	GOOGLE	PIXEL	9	Pixel 9 Pro XL	GOOGLE_PIXEL_9_PRO_XL	100	generated_alias_delta_v1_1
Pixel 9 Pro XL	GOOGLE	PIXEL	9	Pixel 9 Pro XL	GOOGLE_PIXEL_9_PRO_XL	100	generated_alias_delta_v1_1
google 9 pro xl	GOOGLE	PIXEL	9	Pixel 9 Pro XL	GOOGLE_PIXEL_9_PRO_XL	100	generated_alias_delta_v1_1
пиксель 9 pro xl	GOOGLE	PIXEL	9	Pixel 9 Pro XL	GOOGLE_PIXEL_9_PRO_XL	100	generated_alias_delta_v1_1
гугл pixel 9 pro xl	GOOGLE	PIXEL	9	Pixel 9 Pro XL	GOOGLE_PIXEL_9_PRO_XL	100	generated_alias_delta_v1_1
google pixel 9 pro xl	GOOGLE	PIXEL	9	Pixel 9 Pro XL	GOOGLE_PIXEL_9_PRO_XL	100	generated_alias_delta_v1_1
10	GOOGLE	PIXEL	10	Pixel 10	GOOGLE_PIXEL_10	100	generated_alias_delta_v1_1
pixel10	GOOGLE	PIXEL	10	Pixel 10	GOOGLE_PIXEL_10	100	generated_alias_delta_v1_1
гугл 10	GOOGLE	PIXEL	10	Pixel 10	GOOGLE_PIXEL_10	100	generated_alias_delta_v1_1
Pixel 10	GOOGLE	PIXEL	10	Pixel 10	GOOGLE_PIXEL_10	100	generated_alias_delta_v1_1
google 10	GOOGLE	PIXEL	10	Pixel 10	GOOGLE_PIXEL_10	100	generated_alias_delta_v1_1
пиксель 10	GOOGLE	PIXEL	10	Pixel 10	GOOGLE_PIXEL_10	100	generated_alias_delta_v1_1
гугл pixel 10	GOOGLE	PIXEL	10	Pixel 10	GOOGLE_PIXEL_10	100	generated_alias_delta_v1_1
google pixel 10	GOOGLE	PIXEL	10	Pixel 10	GOOGLE_PIXEL_10	100	generated_alias_delta_v1_1
10pro	GOOGLE	PIXEL	10	Pixel 10 Pro	GOOGLE_PIXEL_10_PRO	100	generated_alias_delta_v1_1
10 pro	GOOGLE	PIXEL	10	Pixel 10 Pro	GOOGLE_PIXEL_10_PRO	100	generated_alias_delta_v1_1
pixel10pro	GOOGLE	PIXEL	10	Pixel 10 Pro	GOOGLE_PIXEL_10_PRO	100	generated_alias_delta_v1_1
гугл 10 pro	GOOGLE	PIXEL	10	Pixel 10 Pro	GOOGLE_PIXEL_10_PRO	100	generated_alias_delta_v1_1
Pixel 10 Pro	GOOGLE	PIXEL	10	Pixel 10 Pro	GOOGLE_PIXEL_10_PRO	100	generated_alias_delta_v1_1
google 10 pro	GOOGLE	PIXEL	10	Pixel 10 Pro	GOOGLE_PIXEL_10_PRO	100	generated_alias_delta_v1_1
пиксель 10 pro	GOOGLE	PIXEL	10	Pixel 10 Pro	GOOGLE_PIXEL_10_PRO	100	generated_alias_delta_v1_1
гугл pixel 10 pro	GOOGLE	PIXEL	10	Pixel 10 Pro	GOOGLE_PIXEL_10_PRO	100	generated_alias_delta_v1_1
google pixel 10 pro	GOOGLE	PIXEL	10	Pixel 10 Pro	GOOGLE_PIXEL_10_PRO	100	generated_alias_delta_v1_1
10proxl	GOOGLE	PIXEL	10	Pixel 10 Pro XL	GOOGLE_PIXEL_10_PRO_XL	100	generated_alias_delta_v1_1
10 pro xl	GOOGLE	PIXEL	10	Pixel 10 Pro XL	GOOGLE_PIXEL_10_PRO_XL	100	generated_alias_delta_v1_1
pixel10proxl	GOOGLE	PIXEL	10	Pixel 10 Pro XL	GOOGLE_PIXEL_10_PRO_XL	100	generated_alias_delta_v1_1
гугл 10 pro xl	GOOGLE	PIXEL	10	Pixel 10 Pro XL	GOOGLE_PIXEL_10_PRO_XL	100	generated_alias_delta_v1_1
Pixel 10 Pro XL	GOOGLE	PIXEL	10	Pixel 10 Pro XL	GOOGLE_PIXEL_10_PRO_XL	100	generated_alias_delta_v1_1
google 10 pro xl	GOOGLE	PIXEL	10	Pixel 10 Pro XL	GOOGLE_PIXEL_10_PRO_XL	100	generated_alias_delta_v1_1
пиксель 10 pro xl	GOOGLE	PIXEL	10	Pixel 10 Pro XL	GOOGLE_PIXEL_10_PRO_XL	100	generated_alias_delta_v1_1
гугл pixel 10 pro xl	GOOGLE	PIXEL	10	Pixel 10 Pro XL	GOOGLE_PIXEL_10_PRO_XL	100	generated_alias_delta_v1_1
google pixel 10 pro xl	GOOGLE	PIXEL	10	Pixel 10 Pro XL	GOOGLE_PIXEL_10_PRO_XL	100	generated_alias_delta_v1_1
note14pro5g	REDMI	REDMI_NOTE	NOTE_14	Redmi Note 14 Pro 5G	REDMI_REDMI_NOTE_14_PRO_5G	100	generated_alias_delta_v1_1
note 14 pro 5g	REDMI	REDMI_NOTE	NOTE_14	Redmi Note 14 Pro 5G	REDMI_REDMI_NOTE_14_PRO_5G	100	generated_alias_delta_v1_1
redminote14pro5g	REDMI	REDMI_NOTE	NOTE_14	Redmi Note 14 Pro 5G	REDMI_REDMI_NOTE_14_PRO_5G	100	generated_alias_delta_v1_1
redmi not 14 pro 5g	REDMI	REDMI_NOTE	NOTE_14	Redmi Note 14 Pro 5G	REDMI_REDMI_NOTE_14_PRO_5G	100	generated_alias_delta_v1_1
Redmi Note 14 Pro 5G	REDMI	REDMI_NOTE	NOTE_14	Redmi Note 14 Pro 5G	REDMI_REDMI_NOTE_14_PRO_5G	100	generated_alias_delta_v1_1
redmi ноут 14 pro 5g	REDMI	REDMI_NOTE	NOTE_14	Redmi Note 14 Pro 5G	REDMI_REDMI_NOTE_14_PRO_5G	100	generated_alias_delta_v1_1
редми note 14 pro 5g	REDMI	REDMI_NOTE	NOTE_14	Redmi Note 14 Pro 5G	REDMI_REDMI_NOTE_14_PRO_5G	100	generated_alias_delta_v1_1
redmi redmi note 14 pro 5g	REDMI	REDMI_NOTE	NOTE_14	Redmi Note 14 Pro 5G	REDMI_REDMI_NOTE_14_PRO_5G	100	generated_alias_delta_v1_1
редми redmi note 14 pro 5g	REDMI	REDMI_NOTE	NOTE_14	Redmi Note 14 Pro 5G	REDMI_REDMI_NOTE_14_PRO_5G	100	generated_alias_delta_v1_1
note14pro5g	REDMI	REDMI_NOTE	NOTE_14	Redmi Note 14 Pro+ 5G	REDMI_REDMI_NOTE_14_PRO_PLUS_5G	100	generated_alias_delta_v1_1
note 14 pro+ 5g	REDMI	REDMI_NOTE	NOTE_14	Redmi Note 14 Pro+ 5G	REDMI_REDMI_NOTE_14_PRO_PLUS_5G	100	generated_alias_delta_v1_1
redminote14pro5g	REDMI	REDMI_NOTE	NOTE_14	Redmi Note 14 Pro+ 5G	REDMI_REDMI_NOTE_14_PRO_PLUS_5G	100	generated_alias_delta_v1_1
redmi not 14 pro+ 5g	REDMI	REDMI_NOTE	NOTE_14	Redmi Note 14 Pro+ 5G	REDMI_REDMI_NOTE_14_PRO_PLUS_5G	100	generated_alias_delta_v1_1
Redmi Note 14 Pro+ 5G	REDMI	REDMI_NOTE	NOTE_14	Redmi Note 14 Pro+ 5G	REDMI_REDMI_NOTE_14_PRO_PLUS_5G	100	generated_alias_delta_v1_1
redmi ноут 14 pro+ 5g	REDMI	REDMI_NOTE	NOTE_14	Redmi Note 14 Pro+ 5G	REDMI_REDMI_NOTE_14_PRO_PLUS_5G	100	generated_alias_delta_v1_1
редми note 14 pro+ 5g	REDMI	REDMI_NOTE	NOTE_14	Redmi Note 14 Pro+ 5G	REDMI_REDMI_NOTE_14_PRO_PLUS_5G	100	generated_alias_delta_v1_1
redmi redmi note 14 pro+ 5g	REDMI	REDMI_NOTE	NOTE_14	Redmi Note 14 Pro+ 5G	REDMI_REDMI_NOTE_14_PRO_PLUS_5G	100	generated_alias_delta_v1_1
редми redmi note 14 pro+ 5g	REDMI	REDMI_NOTE	NOTE_14	Redmi Note 14 Pro+ 5G	REDMI_REDMI_NOTE_14_PRO_PLUS_5G	100	generated_alias_delta_v1_1
a555g	SAMSUNG	GALAXY_A	A55	Galaxy A55 5G	SAMSUNG_GALAXY_A55_5G	100	generated_alias_delta_v1_1
a55 5g	SAMSUNG	GALAXY_A	A55	Galaxy A55 5G	SAMSUNG_GALAXY_A55_5G	100	generated_alias_delta_v1_1
galaxya555g	SAMSUNG	GALAXY_A	A55	Galaxy A55 5G	SAMSUNG_GALAXY_A55_5G	100	generated_alias_delta_v1_1
самс a55 5g	SAMSUNG	GALAXY_A	A55	Galaxy A55 5G	SAMSUNG_GALAXY_A55_5G	100	generated_alias_delta_v1_1
Galaxy A55 5G	SAMSUNG	GALAXY_A	A55	Galaxy A55 5G	SAMSUNG_GALAXY_A55_5G	100	generated_alias_delta_v1_1
samsung a55 5g	SAMSUNG	GALAXY_A	A55	Galaxy A55 5G	SAMSUNG_GALAXY_A55_5G	100	generated_alias_delta_v1_1
самсунг a55 5g	SAMSUNG	GALAXY_A	A55	Galaxy A55 5G	SAMSUNG_GALAXY_A55_5G	100	generated_alias_delta_v1_1
самс galaxy a55 5g	SAMSUNG	GALAXY_A	A55	Galaxy A55 5G	SAMSUNG_GALAXY_A55_5G	100	generated_alias_delta_v1_1
samsung galaxy a55 5g	SAMSUNG	GALAXY_A	A55	Galaxy A55 5G	SAMSUNG_GALAXY_A55_5G	100	generated_alias_delta_v1_1
самсунг galaxy a55 5g	SAMSUNG	GALAXY_A	A55	Galaxy A55 5G	SAMSUNG_GALAXY_A55_5G	100	generated_alias_delta_v1_1
самсунг галакси a55 5g	SAMSUNG	GALAXY_A	A55	Galaxy A55 5G	SAMSUNG_GALAXY_A55_5G	100	generated_alias_delta_v1_1
s24	SAMSUNG	GALAXY_S	S24	Galaxy S24	SAMSUNG_GALAXY_S24	100	generated_alias_delta_v1_1
самс s24	SAMSUNG	GALAXY_S	S24	Galaxy S24	SAMSUNG_GALAXY_S24	100	generated_alias_delta_v1_1
galaxys24	SAMSUNG	GALAXY_S	S24	Galaxy S24	SAMSUNG_GALAXY_S24	100	generated_alias_delta_v1_1
Galaxy S24	SAMSUNG	GALAXY_S	S24	Galaxy S24	SAMSUNG_GALAXY_S24	100	generated_alias_delta_v1_1
samsung s24	SAMSUNG	GALAXY_S	S24	Galaxy S24	SAMSUNG_GALAXY_S24	100	generated_alias_delta_v1_1
самсунг s24	SAMSUNG	GALAXY_S	S24	Galaxy S24	SAMSUNG_GALAXY_S24	100	generated_alias_delta_v1_1
самс galaxy s24	SAMSUNG	GALAXY_S	S24	Galaxy S24	SAMSUNG_GALAXY_S24	100	generated_alias_delta_v1_1
samsung galaxy s24	SAMSUNG	GALAXY_S	S24	Galaxy S24	SAMSUNG_GALAXY_S24	100	generated_alias_delta_v1_1
самсунг galaxy s24	SAMSUNG	GALAXY_S	S24	Galaxy S24	SAMSUNG_GALAXY_S24	100	generated_alias_delta_v1_1
самсунг галакси s24	SAMSUNG	GALAXY_S	S24	Galaxy S24	SAMSUNG_GALAXY_S24	100	generated_alias_delta_v1_1
s24u	SAMSUNG	GALAXY_S	S24	Galaxy S24 Ultra	SAMSUNG_GALAXY_S24_ULTRA	100	generated_alias_delta_v1_1
s24ultra	SAMSUNG	GALAXY_S	S24	Galaxy S24 Ultra	SAMSUNG_GALAXY_S24_ULTRA	100	generated_alias_delta_v1_1
s24 ultra	SAMSUNG	GALAXY_S	S24	Galaxy S24 Ultra	SAMSUNG_GALAXY_S24_ULTRA	100	generated_alias_delta_v1_1
galaxys24ultra	SAMSUNG	GALAXY_S	S24	Galaxy S24 Ultra	SAMSUNG_GALAXY_S24_ULTRA	100	generated_alias_delta_v1_1
самс s24 ultra	SAMSUNG	GALAXY_S	S24	Galaxy S24 Ultra	SAMSUNG_GALAXY_S24_ULTRA	100	generated_alias_delta_v1_1
Galaxy S24 Ultra	SAMSUNG	GALAXY_S	S24	Galaxy S24 Ultra	SAMSUNG_GALAXY_S24_ULTRA	100	generated_alias_delta_v1_1
samsung s24 ultra	SAMSUNG	GALAXY_S	S24	Galaxy S24 Ultra	SAMSUNG_GALAXY_S24_ULTRA	100	generated_alias_delta_v1_1
самсунг s24 ultra	SAMSUNG	GALAXY_S	S24	Galaxy S24 Ultra	SAMSUNG_GALAXY_S24_ULTRA	100	generated_alias_delta_v1_1
самс galaxy s24 ultra	SAMSUNG	GALAXY_S	S24	Galaxy S24 Ultra	SAMSUNG_GALAXY_S24_ULTRA	100	generated_alias_delta_v1_1
samsung galaxy s24 ultra	SAMSUNG	GALAXY_S	S24	Galaxy S24 Ultra	SAMSUNG_GALAXY_S24_ULTRA	100	generated_alias_delta_v1_1
самсунг galaxy s24 ultra	SAMSUNG	GALAXY_S	S24	Galaxy S24 Ultra	SAMSUNG_GALAXY_S24_ULTRA	100	generated_alias_delta_v1_1
самсунг галакси s24 ultra	SAMSUNG	GALAXY_S	S24	Galaxy S24 Ultra	SAMSUNG_GALAXY_S24_ULTRA	100	generated_alias_delta_v1_1
a565g	SAMSUNG	GALAXY_A	A56	Galaxy A56 5G	SAMSUNG_GALAXY_A56_5G	100	generated_alias_delta_v1_1
a56 5g	SAMSUNG	GALAXY_A	A56	Galaxy A56 5G	SAMSUNG_GALAXY_A56_5G	100	generated_alias_delta_v1_1
galaxya565g	SAMSUNG	GALAXY_A	A56	Galaxy A56 5G	SAMSUNG_GALAXY_A56_5G	100	generated_alias_delta_v1_1
самс a56 5g	SAMSUNG	GALAXY_A	A56	Galaxy A56 5G	SAMSUNG_GALAXY_A56_5G	100	generated_alias_delta_v1_1
Galaxy A56 5G	SAMSUNG	GALAXY_A	A56	Galaxy A56 5G	SAMSUNG_GALAXY_A56_5G	100	generated_alias_delta_v1_1
samsung a56 5g	SAMSUNG	GALAXY_A	A56	Galaxy A56 5G	SAMSUNG_GALAXY_A56_5G	100	generated_alias_delta_v1_1
самсунг a56 5g	SAMSUNG	GALAXY_A	A56	Galaxy A56 5G	SAMSUNG_GALAXY_A56_5G	100	generated_alias_delta_v1_1
самс galaxy a56 5g	SAMSUNG	GALAXY_A	A56	Galaxy A56 5G	SAMSUNG_GALAXY_A56_5G	100	generated_alias_delta_v1_1
samsung galaxy a56 5g	SAMSUNG	GALAXY_A	A56	Galaxy A56 5G	SAMSUNG_GALAXY_A56_5G	100	generated_alias_delta_v1_1
самсунг galaxy a56 5g	SAMSUNG	GALAXY_A	A56	Galaxy A56 5G	SAMSUNG_GALAXY_A56_5G	100	generated_alias_delta_v1_1
самсунг галакси a56 5g	SAMSUNG	GALAXY_A	A56	Galaxy A56 5G	SAMSUNG_GALAXY_A56_5G	100	generated_alias_delta_v1_1
s25	SAMSUNG	GALAXY_S	S25	Galaxy S25	SAMSUNG_GALAXY_S25	100	generated_alias_delta_v1_1
самс s25	SAMSUNG	GALAXY_S	S25	Galaxy S25	SAMSUNG_GALAXY_S25	100	generated_alias_delta_v1_1
galaxys25	SAMSUNG	GALAXY_S	S25	Galaxy S25	SAMSUNG_GALAXY_S25	100	generated_alias_delta_v1_1
Galaxy S25	SAMSUNG	GALAXY_S	S25	Galaxy S25	SAMSUNG_GALAXY_S25	100	generated_alias_delta_v1_1
samsung s25	SAMSUNG	GALAXY_S	S25	Galaxy S25	SAMSUNG_GALAXY_S25	100	generated_alias_delta_v1_1
самсунг s25	SAMSUNG	GALAXY_S	S25	Galaxy S25	SAMSUNG_GALAXY_S25	100	generated_alias_delta_v1_1
самс galaxy s25	SAMSUNG	GALAXY_S	S25	Galaxy S25	SAMSUNG_GALAXY_S25	100	generated_alias_delta_v1_1
samsung galaxy s25	SAMSUNG	GALAXY_S	S25	Galaxy S25	SAMSUNG_GALAXY_S25	100	generated_alias_delta_v1_1
самсунг galaxy s25	SAMSUNG	GALAXY_S	S25	Galaxy S25	SAMSUNG_GALAXY_S25	100	generated_alias_delta_v1_1
самсунг галакси s25	SAMSUNG	GALAXY_S	S25	Galaxy S25	SAMSUNG_GALAXY_S25	100	generated_alias_delta_v1_1
s25u	SAMSUNG	GALAXY_S	S25	Galaxy S25 Ultra	SAMSUNG_GALAXY_S25_ULTRA	100	generated_alias_delta_v1_1
s25ultra	SAMSUNG	GALAXY_S	S25	Galaxy S25 Ultra	SAMSUNG_GALAXY_S25_ULTRA	100	generated_alias_delta_v1_1
s25 ultra	SAMSUNG	GALAXY_S	S25	Galaxy S25 Ultra	SAMSUNG_GALAXY_S25_ULTRA	100	generated_alias_delta_v1_1
galaxys25ultra	SAMSUNG	GALAXY_S	S25	Galaxy S25 Ultra	SAMSUNG_GALAXY_S25_ULTRA	100	generated_alias_delta_v1_1
самс s25 ultra	SAMSUNG	GALAXY_S	S25	Galaxy S25 Ultra	SAMSUNG_GALAXY_S25_ULTRA	100	generated_alias_delta_v1_1
Galaxy S25 Ultra	SAMSUNG	GALAXY_S	S25	Galaxy S25 Ultra	SAMSUNG_GALAXY_S25_ULTRA	100	generated_alias_delta_v1_1
samsung s25 ultra	SAMSUNG	GALAXY_S	S25	Galaxy S25 Ultra	SAMSUNG_GALAXY_S25_ULTRA	100	generated_alias_delta_v1_1
самсунг s25 ultra	SAMSUNG	GALAXY_S	S25	Galaxy S25 Ultra	SAMSUNG_GALAXY_S25_ULTRA	100	generated_alias_delta_v1_1
самс galaxy s25 ultra	SAMSUNG	GALAXY_S	S25	Galaxy S25 Ultra	SAMSUNG_GALAXY_S25_ULTRA	100	generated_alias_delta_v1_1
samsung galaxy s25 ultra	SAMSUNG	GALAXY_S	S25	Galaxy S25 Ultra	SAMSUNG_GALAXY_S25_ULTRA	100	generated_alias_delta_v1_1
самсунг galaxy s25 ultra	SAMSUNG	GALAXY_S	S25	Galaxy S25 Ultra	SAMSUNG_GALAXY_S25_ULTRA	100	generated_alias_delta_v1_1
самсунг галакси s25 ultra	SAMSUNG	GALAXY_S	S25	Galaxy S25 Ultra	SAMSUNG_GALAXY_S25_ULTRA	100	generated_alias_delta_v1_1
12	APPLE	IPHONE	12	iPhone 12	APPLE_IPHONE_12	90	generated_alias_delta_v1_1
аппл 12	APPLE	IPHONE	12	iPhone 12	APPLE_IPHONE_12	90	generated_alias_delta_v1_1
эппл 12	APPLE	IPHONE	12	iPhone 12	APPLE_IPHONE_12	90	generated_alias_delta_v1_1
apple 12	APPLE	IPHONE	12	iPhone 12	APPLE_IPHONE_12	90	generated_alias_delta_v1_1
iphone12	APPLE	IPHONE	12	iPhone 12	APPLE_IPHONE_12	90	generated_alias_delta_v1_1
айфон 12	APPLE	IPHONE	12	iPhone 12	APPLE_IPHONE_12	90	generated_alias_delta_v1_1
iPhone 12	APPLE	IPHONE	12	iPhone 12	APPLE_IPHONE_12	90	generated_alias_delta_v1_1
аппл iphone 12	APPLE	IPHONE	12	iPhone 12	APPLE_IPHONE_12	90	generated_alias_delta_v1_1
эппл iphone 12	APPLE	IPHONE	12	iPhone 12	APPLE_IPHONE_12	90	generated_alias_delta_v1_1
apple iphone 12	APPLE	IPHONE	12	iPhone 12	APPLE_IPHONE_12	90	generated_alias_delta_v1_1
13pro	APPLE	IPHONE	13	iPhone 13 Pro	APPLE_IPHONE_13_PRO	90	generated_alias_delta_v1_1
13 pro	APPLE	IPHONE	13	iPhone 13 Pro	APPLE_IPHONE_13_PRO	90	generated_alias_delta_v1_1
айфон 13	APPLE	IPHONE	13	iPhone 13 Pro	APPLE_IPHONE_13_PRO	90	generated_alias_delta_v1_1
iphone 13	APPLE	IPHONE	13	iPhone 13 Pro	APPLE_IPHONE_13_PRO	90	generated_alias_delta_v1_1
iphone13pro	APPLE	IPHONE	13	iPhone 13 Pro	APPLE_IPHONE_13_PRO	90	generated_alias_delta_v1_1
аппл 13 pro	APPLE	IPHONE	13	iPhone 13 Pro	APPLE_IPHONE_13_PRO	90	generated_alias_delta_v1_1
эппл 13 pro	APPLE	IPHONE	13	iPhone 13 Pro	APPLE_IPHONE_13_PRO	90	generated_alias_delta_v1_1
apple 13 pro	APPLE	IPHONE	13	iPhone 13 Pro	APPLE_IPHONE_13_PRO	90	generated_alias_delta_v1_1
айфон 13 pro	APPLE	IPHONE	13	iPhone 13 Pro	APPLE_IPHONE_13_PRO	90	generated_alias_delta_v1_1
iPhone 13 Pro	APPLE	IPHONE	13	iPhone 13 Pro	APPLE_IPHONE_13_PRO	90	generated_alias_delta_v1_1
аппл iphone 13 pro	APPLE	IPHONE	13	iPhone 13 Pro	APPLE_IPHONE_13_PRO	90	generated_alias_delta_v1_1
эппл iphone 13 pro	APPLE	IPHONE	13	iPhone 13 Pro	APPLE_IPHONE_13_PRO	90	generated_alias_delta_v1_1
apple iphone 13 pro	APPLE	IPHONE	13	iPhone 13 Pro	APPLE_IPHONE_13_PRO	90	generated_alias_delta_v1_1
13promax	APPLE	IPHONE	13	iPhone 13 Pro Max	APPLE_IPHONE_13_PRO_MAX	90	generated_alias_delta_v1_1
айфон 13	APPLE	IPHONE	13	iPhone 13 Pro Max	APPLE_IPHONE_13_PRO_MAX	90	generated_alias_delta_v1_1
iphone 13	APPLE	IPHONE	13	iPhone 13 Pro Max	APPLE_IPHONE_13_PRO_MAX	90	generated_alias_delta_v1_1
13 pro max	APPLE	IPHONE	13	iPhone 13 Pro Max	APPLE_IPHONE_13_PRO_MAX	90	generated_alias_delta_v1_1
iphone13promax	APPLE	IPHONE	13	iPhone 13 Pro Max	APPLE_IPHONE_13_PRO_MAX	90	generated_alias_delta_v1_1
аппл 13 pro max	APPLE	IPHONE	13	iPhone 13 Pro Max	APPLE_IPHONE_13_PRO_MAX	90	generated_alias_delta_v1_1
эппл 13 pro max	APPLE	IPHONE	13	iPhone 13 Pro Max	APPLE_IPHONE_13_PRO_MAX	90	generated_alias_delta_v1_1
apple 13 pro max	APPLE	IPHONE	13	iPhone 13 Pro Max	APPLE_IPHONE_13_PRO_MAX	90	generated_alias_delta_v1_1
iphone 13 promax	APPLE	IPHONE	13	iPhone 13 Pro Max	APPLE_IPHONE_13_PRO_MAX	90	generated_alias_delta_v1_1
айфон 13 pro max	APPLE	IPHONE	13	iPhone 13 Pro Max	APPLE_IPHONE_13_PRO_MAX	90	generated_alias_delta_v1_1
iPhone 13 Pro Max	APPLE	IPHONE	13	iPhone 13 Pro Max	APPLE_IPHONE_13_PRO_MAX	90	generated_alias_delta_v1_1
аппл iphone 13 pro max	APPLE	IPHONE	13	iPhone 13 Pro Max	APPLE_IPHONE_13_PRO_MAX	90	generated_alias_delta_v1_1
эппл iphone 13 pro max	APPLE	IPHONE	13	iPhone 13 Pro Max	APPLE_IPHONE_13_PRO_MAX	90	generated_alias_delta_v1_1
apple iphone 13 pro max	APPLE	IPHONE	13	iPhone 13 Pro Max	APPLE_IPHONE_13_PRO_MAX	90	generated_alias_delta_v1_1
14	APPLE	IPHONE	14	iPhone 14	APPLE_IPHONE_14	90	generated_alias_delta_v1_1
аппл 14	APPLE	IPHONE	14	iPhone 14	APPLE_IPHONE_14	90	generated_alias_delta_v1_1
эппл 14	APPLE	IPHONE	14	iPhone 14	APPLE_IPHONE_14	90	generated_alias_delta_v1_1
apple 14	APPLE	IPHONE	14	iPhone 14	APPLE_IPHONE_14	90	generated_alias_delta_v1_1
iphone14	APPLE	IPHONE	14	iPhone 14	APPLE_IPHONE_14	90	generated_alias_delta_v1_1
айфон 14	APPLE	IPHONE	14	iPhone 14	APPLE_IPHONE_14	90	generated_alias_delta_v1_1
iPhone 14	APPLE	IPHONE	14	iPhone 14	APPLE_IPHONE_14	90	generated_alias_delta_v1_1
аппл iphone 14	APPLE	IPHONE	14	iPhone 14	APPLE_IPHONE_14	90	generated_alias_delta_v1_1
эппл iphone 14	APPLE	IPHONE	14	iPhone 14	APPLE_IPHONE_14	90	generated_alias_delta_v1_1
apple iphone 14	APPLE	IPHONE	14	iPhone 14	APPLE_IPHONE_14	90	generated_alias_delta_v1_1
14pro	APPLE	IPHONE	14	iPhone 14 Pro	APPLE_IPHONE_14_PRO	90	generated_alias_delta_v1_1
14 pro	APPLE	IPHONE	14	iPhone 14 Pro	APPLE_IPHONE_14_PRO	90	generated_alias_delta_v1_1
айфон 14	APPLE	IPHONE	14	iPhone 14 Pro	APPLE_IPHONE_14_PRO	90	generated_alias_delta_v1_1
iphone 14	APPLE	IPHONE	14	iPhone 14 Pro	APPLE_IPHONE_14_PRO	90	generated_alias_delta_v1_1
iphone14pro	APPLE	IPHONE	14	iPhone 14 Pro	APPLE_IPHONE_14_PRO	90	generated_alias_delta_v1_1
аппл 14 pro	APPLE	IPHONE	14	iPhone 14 Pro	APPLE_IPHONE_14_PRO	90	generated_alias_delta_v1_1
эппл 14 pro	APPLE	IPHONE	14	iPhone 14 Pro	APPLE_IPHONE_14_PRO	90	generated_alias_delta_v1_1
apple 14 pro	APPLE	IPHONE	14	iPhone 14 Pro	APPLE_IPHONE_14_PRO	90	generated_alias_delta_v1_1
айфон 14 pro	APPLE	IPHONE	14	iPhone 14 Pro	APPLE_IPHONE_14_PRO	90	generated_alias_delta_v1_1
iPhone 14 Pro	APPLE	IPHONE	14	iPhone 14 Pro	APPLE_IPHONE_14_PRO	90	generated_alias_delta_v1_1
аппл iphone 14 pro	APPLE	IPHONE	14	iPhone 14 Pro	APPLE_IPHONE_14_PRO	90	generated_alias_delta_v1_1
эппл iphone 14 pro	APPLE	IPHONE	14	iPhone 14 Pro	APPLE_IPHONE_14_PRO	90	generated_alias_delta_v1_1
apple iphone 14 pro	APPLE	IPHONE	14	iPhone 14 Pro	APPLE_IPHONE_14_PRO	90	generated_alias_delta_v1_1
14promax	APPLE	IPHONE	14	iPhone 14 Pro Max	APPLE_IPHONE_14_PRO_MAX	90	generated_alias_delta_v1_1
айфон 14	APPLE	IPHONE	14	iPhone 14 Pro Max	APPLE_IPHONE_14_PRO_MAX	90	generated_alias_delta_v1_1
iphone 14	APPLE	IPHONE	14	iPhone 14 Pro Max	APPLE_IPHONE_14_PRO_MAX	90	generated_alias_delta_v1_1
14 pro max	APPLE	IPHONE	14	iPhone 14 Pro Max	APPLE_IPHONE_14_PRO_MAX	90	generated_alias_delta_v1_1
iphone14promax	APPLE	IPHONE	14	iPhone 14 Pro Max	APPLE_IPHONE_14_PRO_MAX	90	generated_alias_delta_v1_1
аппл 14 pro max	APPLE	IPHONE	14	iPhone 14 Pro Max	APPLE_IPHONE_14_PRO_MAX	90	generated_alias_delta_v1_1
эппл 14 pro max	APPLE	IPHONE	14	iPhone 14 Pro Max	APPLE_IPHONE_14_PRO_MAX	90	generated_alias_delta_v1_1
apple 14 pro max	APPLE	IPHONE	14	iPhone 14 Pro Max	APPLE_IPHONE_14_PRO_MAX	90	generated_alias_delta_v1_1
iphone 14 promax	APPLE	IPHONE	14	iPhone 14 Pro Max	APPLE_IPHONE_14_PRO_MAX	90	generated_alias_delta_v1_1
айфон 14 pro max	APPLE	IPHONE	14	iPhone 14 Pro Max	APPLE_IPHONE_14_PRO_MAX	90	generated_alias_delta_v1_1
iPhone 14 Pro Max	APPLE	IPHONE	14	iPhone 14 Pro Max	APPLE_IPHONE_14_PRO_MAX	90	generated_alias_delta_v1_1
аппл iphone 14 pro max	APPLE	IPHONE	14	iPhone 14 Pro Max	APPLE_IPHONE_14_PRO_MAX	90	generated_alias_delta_v1_1
эппл iphone 14 pro max	APPLE	IPHONE	14	iPhone 14 Pro Max	APPLE_IPHONE_14_PRO_MAX	90	generated_alias_delta_v1_1
apple iphone 14 pro max	APPLE	IPHONE	14	iPhone 14 Pro Max	APPLE_IPHONE_14_PRO_MAX	90	generated_alias_delta_v1_1
15plus	APPLE	IPHONE	15	iPhone 15 Plus	APPLE_IPHONE_15_PLUS	90	generated_alias_delta_v1_1
15 plus	APPLE	IPHONE	15	iPhone 15 Plus	APPLE_IPHONE_15_PLUS	90	generated_alias_delta_v1_1
айфон 15	APPLE	IPHONE	15	iPhone 15 Plus	APPLE_IPHONE_15_PLUS	90	generated_alias_delta_v1_1
iphone 15	APPLE	IPHONE	15	iPhone 15 Plus	APPLE_IPHONE_15_PLUS	90	generated_alias_delta_v1_1
iphone15plus	APPLE	IPHONE	15	iPhone 15 Plus	APPLE_IPHONE_15_PLUS	90	generated_alias_delta_v1_1
аппл 15 plus	APPLE	IPHONE	15	iPhone 15 Plus	APPLE_IPHONE_15_PLUS	90	generated_alias_delta_v1_1
эппл 15 plus	APPLE	IPHONE	15	iPhone 15 Plus	APPLE_IPHONE_15_PLUS	90	generated_alias_delta_v1_1
apple 15 plus	APPLE	IPHONE	15	iPhone 15 Plus	APPLE_IPHONE_15_PLUS	90	generated_alias_delta_v1_1
айфон 15 plus	APPLE	IPHONE	15	iPhone 15 Plus	APPLE_IPHONE_15_PLUS	90	generated_alias_delta_v1_1
iPhone 15 Plus	APPLE	IPHONE	15	iPhone 15 Plus	APPLE_IPHONE_15_PLUS	90	generated_alias_delta_v1_1
аппл iphone 15 plus	APPLE	IPHONE	15	iPhone 15 Plus	APPLE_IPHONE_15_PLUS	90	generated_alias_delta_v1_1
эппл iphone 15 plus	APPLE	IPHONE	15	iPhone 15 Plus	APPLE_IPHONE_15_PLUS	90	generated_alias_delta_v1_1
apple iphone 15 plus	APPLE	IPHONE	15	iPhone 15 Plus	APPLE_IPHONE_15_PLUS	90	generated_alias_delta_v1_1
16plus	APPLE	IPHONE	16	iPhone 16 Plus	APPLE_IPHONE_16_PLUS	90	generated_alias_delta_v1_1
16 plus	APPLE	IPHONE	16	iPhone 16 Plus	APPLE_IPHONE_16_PLUS	90	generated_alias_delta_v1_1
айфон 16	APPLE	IPHONE	16	iPhone 16 Plus	APPLE_IPHONE_16_PLUS	90	generated_alias_delta_v1_1
iphone 16	APPLE	IPHONE	16	iPhone 16 Plus	APPLE_IPHONE_16_PLUS	90	generated_alias_delta_v1_1
iphone16plus	APPLE	IPHONE	16	iPhone 16 Plus	APPLE_IPHONE_16_PLUS	90	generated_alias_delta_v1_1
аппл 16 plus	APPLE	IPHONE	16	iPhone 16 Plus	APPLE_IPHONE_16_PLUS	90	generated_alias_delta_v1_1
эппл 16 plus	APPLE	IPHONE	16	iPhone 16 Plus	APPLE_IPHONE_16_PLUS	90	generated_alias_delta_v1_1
apple 16 plus	APPLE	IPHONE	16	iPhone 16 Plus	APPLE_IPHONE_16_PLUS	90	generated_alias_delta_v1_1
айфон 16 plus	APPLE	IPHONE	16	iPhone 16 Plus	APPLE_IPHONE_16_PLUS	90	generated_alias_delta_v1_1
iPhone 16 Plus	APPLE	IPHONE	16	iPhone 16 Plus	APPLE_IPHONE_16_PLUS	90	generated_alias_delta_v1_1
аппл iphone 16 plus	APPLE	IPHONE	16	iPhone 16 Plus	APPLE_IPHONE_16_PLUS	90	generated_alias_delta_v1_1
эппл iphone 16 plus	APPLE	IPHONE	16	iPhone 16 Plus	APPLE_IPHONE_16_PLUS	90	generated_alias_delta_v1_1
apple iphone 16 plus	APPLE	IPHONE	16	iPhone 16 Plus	APPLE_IPHONE_16_PLUS	90	generated_alias_delta_v1_1
16e	APPLE	IPHONE	16	iPhone 16e	APPLE_IPHONE_16E	90	generated_alias_delta_v1_1
16 e	APPLE	IPHONE	16	iPhone 16e	APPLE_IPHONE_16E	90	generated_alias_delta_v1_1
айфон 16	APPLE	IPHONE	16	iPhone 16e	APPLE_IPHONE_16E	90	generated_alias_delta_v1_1
аппл 16e	APPLE	IPHONE	16	iPhone 16e	APPLE_IPHONE_16E	90	generated_alias_delta_v1_1
эппл 16e	APPLE	IPHONE	16	iPhone 16e	APPLE_IPHONE_16E	90	generated_alias_delta_v1_1
apple 16e	APPLE	IPHONE	16	iPhone 16e	APPLE_IPHONE_16E	90	generated_alias_delta_v1_1
iphone 16	APPLE	IPHONE	16	iPhone 16e	APPLE_IPHONE_16E	90	generated_alias_delta_v1_1
iphone16e	APPLE	IPHONE	16	iPhone 16e	APPLE_IPHONE_16E	90	generated_alias_delta_v1_1
iPhone 16e	APPLE	IPHONE	16	iPhone 16e	APPLE_IPHONE_16E	90	generated_alias_delta_v1_1
айфон 16 e	APPLE	IPHONE	16	iPhone 16e	APPLE_IPHONE_16E	90	generated_alias_delta_v1_1
аппл iphone 16e	APPLE	IPHONE	16	iPhone 16e	APPLE_IPHONE_16E	90	generated_alias_delta_v1_1
эппл iphone 16e	APPLE	IPHONE	16	iPhone 16e	APPLE_IPHONE_16E	90	generated_alias_delta_v1_1
apple iphone 16e	APPLE	IPHONE	16	iPhone 16e	APPLE_IPHONE_16E	90	generated_alias_delta_v1_1
air	APPLE	IPHONE	Air	iPhone Air	APPLE_IPHONE_AIR	90	generated_alias_delta_v1_1
аппл air	APPLE	IPHONE	Air	iPhone Air	APPLE_IPHONE_AIR	90	generated_alias_delta_v1_1
эппл air	APPLE	IPHONE	Air	iPhone Air	APPLE_IPHONE_AIR	90	generated_alias_delta_v1_1
apple air	APPLE	IPHONE	Air	iPhone Air	APPLE_IPHONE_AIR	90	generated_alias_delta_v1_1
iphoneair	APPLE	IPHONE	Air	iPhone Air	APPLE_IPHONE_AIR	90	generated_alias_delta_v1_1
iPhone Air	APPLE	IPHONE	Air	iPhone Air	APPLE_IPHONE_AIR	90	generated_alias_delta_v1_1
аппл iphone air	APPLE	IPHONE	Air	iPhone Air	APPLE_IPHONE_AIR	90	generated_alias_delta_v1_1
эппл iphone air	APPLE	IPHONE	Air	iPhone Air	APPLE_IPHONE_AIR	90	generated_alias_delta_v1_1
apple iphone air	APPLE	IPHONE	Air	iPhone Air	APPLE_IPHONE_AIR	90	generated_alias_delta_v1_1
17e	APPLE	IPHONE	17	iPhone 17e	APPLE_IPHONE_17E	90	generated_alias_delta_v1_1
17 e	APPLE	IPHONE	17	iPhone 17e	APPLE_IPHONE_17E	90	generated_alias_delta_v1_1
айфон 17	APPLE	IPHONE	17	iPhone 17e	APPLE_IPHONE_17E	90	generated_alias_delta_v1_1
аппл 17e	APPLE	IPHONE	17	iPhone 17e	APPLE_IPHONE_17E	90	generated_alias_delta_v1_1
эппл 17e	APPLE	IPHONE	17	iPhone 17e	APPLE_IPHONE_17E	90	generated_alias_delta_v1_1
apple 17e	APPLE	IPHONE	17	iPhone 17e	APPLE_IPHONE_17E	90	generated_alias_delta_v1_1
iphone 17	APPLE	IPHONE	17	iPhone 17e	APPLE_IPHONE_17E	90	generated_alias_delta_v1_1
iphone17e	APPLE	IPHONE	17	iPhone 17e	APPLE_IPHONE_17E	90	generated_alias_delta_v1_1
iPhone 17e	APPLE	IPHONE	17	iPhone 17e	APPLE_IPHONE_17E	90	generated_alias_delta_v1_1
айфон 17 e	APPLE	IPHONE	17	iPhone 17e	APPLE_IPHONE_17E	90	generated_alias_delta_v1_1
аппл iphone 17e	APPLE	IPHONE	17	iPhone 17e	APPLE_IPHONE_17E	90	generated_alias_delta_v1_1
эппл iphone 17e	APPLE	IPHONE	17	iPhone 17e	APPLE_IPHONE_17E	90	generated_alias_delta_v1_1
apple iphone 17e	APPLE	IPHONE	17	iPhone 17e	APPLE_IPHONE_17E	90	generated_alias_delta_v1_1
pixel8	GOOGLE	PIXEL	8	Pixel 8	GOOGLE_PIXEL_8	90	generated_alias_delta_v1_1
гугл 8	GOOGLE	PIXEL	8	Pixel 8	GOOGLE_PIXEL_8	90	generated_alias_delta_v1_1
Pixel 8	GOOGLE	PIXEL	8	Pixel 8	GOOGLE_PIXEL_8	90	generated_alias_delta_v1_1
google 8	GOOGLE	PIXEL	8	Pixel 8	GOOGLE_PIXEL_8	90	generated_alias_delta_v1_1
пиксель 8	GOOGLE	PIXEL	8	Pixel 8	GOOGLE_PIXEL_8	90	generated_alias_delta_v1_1
гугл pixel 8	GOOGLE	PIXEL	8	Pixel 8	GOOGLE_PIXEL_8	90	generated_alias_delta_v1_1
google pixel 8	GOOGLE	PIXEL	8	Pixel 8	GOOGLE_PIXEL_8	90	generated_alias_delta_v1_1
8pro	GOOGLE	PIXEL	8	Pixel 8 Pro	GOOGLE_PIXEL_8_PRO	90	generated_alias_delta_v1_1
8 pro	GOOGLE	PIXEL	8	Pixel 8 Pro	GOOGLE_PIXEL_8_PRO	90	generated_alias_delta_v1_1
pixel8pro	GOOGLE	PIXEL	8	Pixel 8 Pro	GOOGLE_PIXEL_8_PRO	90	generated_alias_delta_v1_1
гугл 8 pro	GOOGLE	PIXEL	8	Pixel 8 Pro	GOOGLE_PIXEL_8_PRO	90	generated_alias_delta_v1_1
Pixel 8 Pro	GOOGLE	PIXEL	8	Pixel 8 Pro	GOOGLE_PIXEL_8_PRO	90	generated_alias_delta_v1_1
google 8 pro	GOOGLE	PIXEL	8	Pixel 8 Pro	GOOGLE_PIXEL_8_PRO	90	generated_alias_delta_v1_1
пиксель 8 pro	GOOGLE	PIXEL	8	Pixel 8 Pro	GOOGLE_PIXEL_8_PRO	90	generated_alias_delta_v1_1
гугл pixel 8 pro	GOOGLE	PIXEL	8	Pixel 8 Pro	GOOGLE_PIXEL_8_PRO	90	generated_alias_delta_v1_1
google pixel 8 pro	GOOGLE	PIXEL	8	Pixel 8 Pro	GOOGLE_PIXEL_8_PRO	90	generated_alias_delta_v1_1
8a	GOOGLE	PIXEL	8A	Pixel 8a	GOOGLE_PIXEL_8A	90	generated_alias_delta_v1_1
pixel8a	GOOGLE	PIXEL	8A	Pixel 8a	GOOGLE_PIXEL_8A	90	generated_alias_delta_v1_1
гугл 8a	GOOGLE	PIXEL	8A	Pixel 8a	GOOGLE_PIXEL_8A	90	generated_alias_delta_v1_1
Pixel 8a	GOOGLE	PIXEL	8A	Pixel 8a	GOOGLE_PIXEL_8A	90	generated_alias_delta_v1_1
google 8a	GOOGLE	PIXEL	8A	Pixel 8a	GOOGLE_PIXEL_8A	90	generated_alias_delta_v1_1
пиксель 8a	GOOGLE	PIXEL	8A	Pixel 8a	GOOGLE_PIXEL_8A	90	generated_alias_delta_v1_1
гугл pixel 8a	GOOGLE	PIXEL	8A	Pixel 8a	GOOGLE_PIXEL_8A	90	generated_alias_delta_v1_1
google pixel 8a	GOOGLE	PIXEL	8A	Pixel 8a	GOOGLE_PIXEL_8A	90	generated_alias_delta_v1_1
pixel9	GOOGLE	PIXEL	9	Pixel 9	GOOGLE_PIXEL_9	90	generated_alias_delta_v1_1
гугл 9	GOOGLE	PIXEL	9	Pixel 9	GOOGLE_PIXEL_9	90	generated_alias_delta_v1_1
Pixel 9	GOOGLE	PIXEL	9	Pixel 9	GOOGLE_PIXEL_9	90	generated_alias_delta_v1_1
google 9	GOOGLE	PIXEL	9	Pixel 9	GOOGLE_PIXEL_9	90	generated_alias_delta_v1_1
пиксель 9	GOOGLE	PIXEL	9	Pixel 9	GOOGLE_PIXEL_9	90	generated_alias_delta_v1_1
гугл pixel 9	GOOGLE	PIXEL	9	Pixel 9	GOOGLE_PIXEL_9	90	generated_alias_delta_v1_1
google pixel 9	GOOGLE	PIXEL	9	Pixel 9	GOOGLE_PIXEL_9	90	generated_alias_delta_v1_1
10profold	GOOGLE	PIXEL	10	Pixel 10 Pro Fold	GOOGLE_PIXEL_10_PRO_FOLD	90	generated_alias_delta_v1_1
10 pro fold	GOOGLE	PIXEL	10	Pixel 10 Pro Fold	GOOGLE_PIXEL_10_PRO_FOLD	90	generated_alias_delta_v1_1
pixel10profold	GOOGLE	PIXEL	10	Pixel 10 Pro Fold	GOOGLE_PIXEL_10_PRO_FOLD	90	generated_alias_delta_v1_1
гугл 10 pro fold	GOOGLE	PIXEL	10	Pixel 10 Pro Fold	GOOGLE_PIXEL_10_PRO_FOLD	90	generated_alias_delta_v1_1
Pixel 10 Pro Fold	GOOGLE	PIXEL	10	Pixel 10 Pro Fold	GOOGLE_PIXEL_10_PRO_FOLD	90	generated_alias_delta_v1_1
google 10 pro fold	GOOGLE	PIXEL	10	Pixel 10 Pro Fold	GOOGLE_PIXEL_10_PRO_FOLD	90	generated_alias_delta_v1_1
пиксель 10 pro fold	GOOGLE	PIXEL	10	Pixel 10 Pro Fold	GOOGLE_PIXEL_10_PRO_FOLD	90	generated_alias_delta_v1_1
гугл pixel 10 pro fold	GOOGLE	PIXEL	10	Pixel 10 Pro Fold	GOOGLE_PIXEL_10_PRO_FOLD	90	generated_alias_delta_v1_1
google pixel 10 pro fold	GOOGLE	PIXEL	10	Pixel 10 Pro Fold	GOOGLE_PIXEL_10_PRO_FOLD	90	generated_alias_delta_v1_1
9a	GOOGLE	PIXEL	9A	Pixel 9a	GOOGLE_PIXEL_9A	90	generated_alias_delta_v1_1
pixel9a	GOOGLE	PIXEL	9A	Pixel 9a	GOOGLE_PIXEL_9A	90	generated_alias_delta_v1_1
гугл 9a	GOOGLE	PIXEL	9A	Pixel 9a	GOOGLE_PIXEL_9A	90	generated_alias_delta_v1_1
Pixel 9a	GOOGLE	PIXEL	9A	Pixel 9a	GOOGLE_PIXEL_9A	90	generated_alias_delta_v1_1
google 9a	GOOGLE	PIXEL	9A	Pixel 9a	GOOGLE_PIXEL_9A	90	generated_alias_delta_v1_1
пиксель 9a	GOOGLE	PIXEL	9A	Pixel 9a	GOOGLE_PIXEL_9A	90	generated_alias_delta_v1_1
гугл pixel 9a	GOOGLE	PIXEL	9A	Pixel 9a	GOOGLE_PIXEL_9A	90	generated_alias_delta_v1_1
google pixel 9a	GOOGLE	PIXEL	9A	Pixel 9a	GOOGLE_PIXEL_9A	90	generated_alias_delta_v1_1
400	HONOR	HONOR_NUMBER	400	Honor 400	HONOR_HONOR_400	90	generated_alias_delta_v1_1
honor400	HONOR	HONOR_NUMBER	400	Honor 400	HONOR_HONOR_400	90	generated_alias_delta_v1_1
Honor 400	HONOR	HONOR_NUMBER	400	Honor 400	HONOR_HONOR_400	90	generated_alias_delta_v1_1
хонор 400	HONOR	HONOR_NUMBER	400	Honor 400	HONOR_HONOR_400	90	generated_alias_delta_v1_1
honor honor 400	HONOR	HONOR_NUMBER	400	Honor 400	HONOR_HONOR_400	90	generated_alias_delta_v1_1
хонор honor 400	HONOR	HONOR_NUMBER	400	Honor 400	HONOR_HONOR_400	90	generated_alias_delta_v1_1
400pro	HONOR	HONOR_NUMBER	400	Honor 400 Pro	HONOR_HONOR_400_PRO	90	generated_alias_delta_v1_1
400 pro	HONOR	HONOR_NUMBER	400	Honor 400 Pro	HONOR_HONOR_400_PRO	90	generated_alias_delta_v1_1
honor400pro	HONOR	HONOR_NUMBER	400	Honor 400 Pro	HONOR_HONOR_400_PRO	90	generated_alias_delta_v1_1
Honor 400 Pro	HONOR	HONOR_NUMBER	400	Honor 400 Pro	HONOR_HONOR_400_PRO	90	generated_alias_delta_v1_1
хонор 400 pro	HONOR	HONOR_NUMBER	400	Honor 400 Pro	HONOR_HONOR_400_PRO	90	generated_alias_delta_v1_1
honor honor 400 pro	HONOR	HONOR_NUMBER	400	Honor 400 Pro	HONOR_HONOR_400_PRO	90	generated_alias_delta_v1_1
хонор honor 400 pro	HONOR	HONOR_NUMBER	400	Honor 400 Pro	HONOR_HONOR_400_PRO	90	generated_alias_delta_v1_1
magic7pro	HONOR	HONOR_MAGIC	MAGIC_7	Honor Magic7 Pro	HONOR_HONOR_MAGIC7_PRO	90	generated_alias_delta_v1_1
magic7 pro	HONOR	HONOR_MAGIC	MAGIC_7	Honor Magic7 Pro	HONOR_HONOR_MAGIC7_PRO	90	generated_alias_delta_v1_1
honormagic7pro	HONOR	HONOR_MAGIC	MAGIC_7	Honor Magic7 Pro	HONOR_HONOR_MAGIC7_PRO	90	generated_alias_delta_v1_1
Honor Magic7 Pro	HONOR	HONOR_MAGIC	MAGIC_7	Honor Magic7 Pro	HONOR_HONOR_MAGIC7_PRO	90	generated_alias_delta_v1_1
хонор magic7 pro	HONOR	HONOR_MAGIC	MAGIC_7	Honor Magic7 Pro	HONOR_HONOR_MAGIC7_PRO	90	generated_alias_delta_v1_1
honor honor magic7 pro	HONOR	HONOR_MAGIC	MAGIC_7	Honor Magic7 Pro	HONOR_HONOR_MAGIC7_PRO	90	generated_alias_delta_v1_1
хонор honor magic7 pro	HONOR	HONOR_MAGIC	MAGIC_7	Honor Magic7 Pro	HONOR_HONOR_MAGIC7_PRO	90	generated_alias_delta_v1_1
mate70pro	HUAWEI	HUAWEI_MATE	MATE_70	Huawei Mate 70 Pro	HUAWEI_HUAWEI_MATE_70_PRO	90	generated_alias_delta_v1_1
mate 70 pro	HUAWEI	HUAWEI_MATE	MATE_70	Huawei Mate 70 Pro	HUAWEI_HUAWEI_MATE_70_PRO	90	generated_alias_delta_v1_1
huaweimate70pro	HUAWEI	HUAWEI_MATE	MATE_70	Huawei Mate 70 Pro	HUAWEI_HUAWEI_MATE_70_PRO	90	generated_alias_delta_v1_1
Huawei Mate 70 Pro	HUAWEI	HUAWEI_MATE	MATE_70	Huawei Mate 70 Pro	HUAWEI_HUAWEI_MATE_70_PRO	90	generated_alias_delta_v1_1
хуавей mate 70 pro	HUAWEI	HUAWEI_MATE	MATE_70	Huawei Mate 70 Pro	HUAWEI_HUAWEI_MATE_70_PRO	90	generated_alias_delta_v1_1
huawei huawei mate 70 pro	HUAWEI	HUAWEI_MATE	MATE_70	Huawei Mate 70 Pro	HUAWEI_HUAWEI_MATE_70_PRO	90	generated_alias_delta_v1_1
хуавей huawei mate 70 pro	HUAWEI	HUAWEI_MATE	MATE_70	Huawei Mate 70 Pro	HUAWEI_HUAWEI_MATE_70_PRO	90	generated_alias_delta_v1_1
pura70ultra	HUAWEI	HUAWEI_P	PURA_70	Huawei Pura 70 Ultra	HUAWEI_HUAWEI_PURA_70_ULTRA	90	generated_alias_delta_v1_1
pura 70 ultra	HUAWEI	HUAWEI_P	PURA_70	Huawei Pura 70 Ultra	HUAWEI_HUAWEI_PURA_70_ULTRA	90	generated_alias_delta_v1_1
huaweipura70ultra	HUAWEI	HUAWEI_P	PURA_70	Huawei Pura 70 Ultra	HUAWEI_HUAWEI_PURA_70_ULTRA	90	generated_alias_delta_v1_1
Huawei Pura 70 Ultra	HUAWEI	HUAWEI_P	PURA_70	Huawei Pura 70 Ultra	HUAWEI_HUAWEI_PURA_70_ULTRA	90	generated_alias_delta_v1_1
хуавей pura 70 ultra	HUAWEI	HUAWEI_P	PURA_70	Huawei Pura 70 Ultra	HUAWEI_HUAWEI_PURA_70_ULTRA	90	generated_alias_delta_v1_1
huawei huawei pura 70 ultra	HUAWEI	HUAWEI_P	PURA_70	Huawei Pura 70 Ultra	HUAWEI_HUAWEI_PURA_70_ULTRA	90	generated_alias_delta_v1_1
хуавей huawei pura 70 ultra	HUAWEI	HUAWEI_P	PURA_70	Huawei Pura 70 Ultra	HUAWEI_HUAWEI_PURA_70_ULTRA	90	generated_alias_delta_v1_1
phone3	NOTHING	NOTHING_PHONE	PHONE_3	Nothing Phone (3)	NOTHING_NOTHING_PHONE_3	90	generated_alias_delta_v1_1
phone (3)	NOTHING	NOTHING_PHONE	PHONE_3	Nothing Phone (3)	NOTHING_NOTHING_PHONE_3	90	generated_alias_delta_v1_1
насинг (3)	NOTHING	NOTHING_PHONE	PHONE_3	Nothing Phone (3)	NOTHING_NOTHING_PHONE_3	90	generated_alias_delta_v1_1
nothing (3)	NOTHING	NOTHING_PHONE	PHONE_3	Nothing Phone (3)	NOTHING_NOTHING_PHONE_3	90	generated_alias_delta_v1_1
nothingphone3	NOTHING	NOTHING_PHONE	PHONE_3	Nothing Phone (3)	NOTHING_NOTHING_PHONE_3	90	generated_alias_delta_v1_1
Nothing Phone (3)	NOTHING	NOTHING_PHONE	PHONE_3	Nothing Phone (3)	NOTHING_NOTHING_PHONE_3	90	generated_alias_delta_v1_1
насинг nothing phone (3)	NOTHING	NOTHING_PHONE	PHONE_3	Nothing Phone (3)	NOTHING_NOTHING_PHONE_3	90	generated_alias_delta_v1_1
nothing nothing phone (3)	NOTHING	NOTHING_PHONE	PHONE_3	Nothing Phone (3)	NOTHING_NOTHING_PHONE_3	90	generated_alias_delta_v1_1
12	ONEPLUS	ONEPLUS_NUMBER	12	OnePlus 12	ONEPLUS_ONEPLUS_12	90	generated_alias_delta_v1_1
1plus 12	ONEPLUS	ONEPLUS_NUMBER	12	OnePlus 12	ONEPLUS_ONEPLUS_12	90	generated_alias_delta_v1_1
oneplus12	ONEPLUS	ONEPLUS_NUMBER	12	OnePlus 12	ONEPLUS_ONEPLUS_12	90	generated_alias_delta_v1_1
OnePlus 12	ONEPLUS	ONEPLUS_NUMBER	12	OnePlus 12	ONEPLUS_ONEPLUS_12	90	generated_alias_delta_v1_1
ванплас 12	ONEPLUS	ONEPLUS_NUMBER	12	OnePlus 12	ONEPLUS_ONEPLUS_12	90	generated_alias_delta_v1_1
1plus oneplus 12	ONEPLUS	ONEPLUS_NUMBER	12	OnePlus 12	ONEPLUS_ONEPLUS_12	90	generated_alias_delta_v1_1
oneplus oneplus 12	ONEPLUS	ONEPLUS_NUMBER	12	OnePlus 12	ONEPLUS_ONEPLUS_12	90	generated_alias_delta_v1_1
ванплас oneplus 12	ONEPLUS	ONEPLUS_NUMBER	12	OnePlus 12	ONEPLUS_ONEPLUS_12	90	generated_alias_delta_v1_1
13	ONEPLUS	ONEPLUS_NUMBER	13	OnePlus 13	ONEPLUS_ONEPLUS_13	90	generated_alias_delta_v1_1
1plus 13	ONEPLUS	ONEPLUS_NUMBER	13	OnePlus 13	ONEPLUS_ONEPLUS_13	90	generated_alias_delta_v1_1
oneplus13	ONEPLUS	ONEPLUS_NUMBER	13	OnePlus 13	ONEPLUS_ONEPLUS_13	90	generated_alias_delta_v1_1
OnePlus 13	ONEPLUS	ONEPLUS_NUMBER	13	OnePlus 13	ONEPLUS_ONEPLUS_13	90	generated_alias_delta_v1_1
ванплас 13	ONEPLUS	ONEPLUS_NUMBER	13	OnePlus 13	ONEPLUS_ONEPLUS_13	90	generated_alias_delta_v1_1
1plus oneplus 13	ONEPLUS	ONEPLUS_NUMBER	13	OnePlus 13	ONEPLUS_ONEPLUS_13	90	generated_alias_delta_v1_1
oneplus oneplus 13	ONEPLUS	ONEPLUS_NUMBER	13	OnePlus 13	ONEPLUS_ONEPLUS_13	90	generated_alias_delta_v1_1
ванплас oneplus 13	ONEPLUS	ONEPLUS_NUMBER	13	OnePlus 13	ONEPLUS_ONEPLUS_13	90	generated_alias_delta_v1_1
findx8pro	OPPO	OPPO_FIND	FIND_X8	OPPO Find X8 Pro	OPPO_OPPO_FIND_X8_PRO	90	generated_alias_delta_v1_1
find x8 pro	OPPO	OPPO_FIND	FIND_X8	OPPO Find X8 Pro	OPPO_OPPO_FIND_X8_PRO	90	generated_alias_delta_v1_1
oppofindx8pro	OPPO	OPPO_FIND	FIND_X8	OPPO Find X8 Pro	OPPO_OPPO_FIND_X8_PRO	90	generated_alias_delta_v1_1
OPPO Find X8 Pro	OPPO	OPPO_FIND	FIND_X8	OPPO Find X8 Pro	OPPO_OPPO_FIND_X8_PRO	90	generated_alias_delta_v1_1
оппо find x8 pro	OPPO	OPPO_FIND	FIND_X8	OPPO Find X8 Pro	OPPO_OPPO_FIND_X8_PRO	90	generated_alias_delta_v1_1
oppo oppo find x8 pro	OPPO	OPPO_FIND	FIND_X8	OPPO Find X8 Pro	OPPO_OPPO_FIND_X8_PRO	90	generated_alias_delta_v1_1
оппо oppo find x8 pro	OPPO	OPPO_FIND	FIND_X8	OPPO Find X8 Pro	OPPO_OPPO_FIND_X8_PRO	90	generated_alias_delta_v1_1
f6	POCO	POCO_F	F6	POCO F6	POCO_POCO_F6	90	generated_alias_delta_v1_1
pocof6	POCO	POCO_F	F6	POCO F6	POCO_POCO_F6	90	generated_alias_delta_v1_1
POCO F6	POCO	POCO_F	F6	POCO F6	POCO_POCO_F6	90	generated_alias_delta_v1_1
поко f6	POCO	POCO_F	F6	POCO F6	POCO_POCO_F6	90	generated_alias_delta_v1_1
poco poco f6	POCO	POCO_F	F6	POCO F6	POCO_POCO_F6	90	generated_alias_delta_v1_1
поко poco f6	POCO	POCO_F	F6	POCO F6	POCO_POCO_F6	90	generated_alias_delta_v1_1
f6pro	POCO	POCO_F	F6	POCO F6 Pro	POCO_POCO_F6_PRO	90	generated_alias_delta_v1_1
f6 pro	POCO	POCO_F	F6	POCO F6 Pro	POCO_POCO_F6_PRO	90	generated_alias_delta_v1_1
pocof6pro	POCO	POCO_F	F6	POCO F6 Pro	POCO_POCO_F6_PRO	90	generated_alias_delta_v1_1
POCO F6 Pro	POCO	POCO_F	F6	POCO F6 Pro	POCO_POCO_F6_PRO	90	generated_alias_delta_v1_1
поко f6 pro	POCO	POCO_F	F6	POCO F6 Pro	POCO_POCO_F6_PRO	90	generated_alias_delta_v1_1
poco poco f6 pro	POCO	POCO_F	F6	POCO F6 Pro	POCO_POCO_F6_PRO	90	generated_alias_delta_v1_1
поко poco f6 pro	POCO	POCO_F	F6	POCO F6 Pro	POCO_POCO_F6_PRO	90	generated_alias_delta_v1_1
x6pro	POCO	POCO_X	X6	POCO X6 Pro	POCO_POCO_X6_PRO	90	generated_alias_delta_v1_1
x6 pro	POCO	POCO_X	X6	POCO X6 Pro	POCO_POCO_X6_PRO	90	generated_alias_delta_v1_1
pocox6pro	POCO	POCO_X	X6	POCO X6 Pro	POCO_POCO_X6_PRO	90	generated_alias_delta_v1_1
POCO X6 Pro	POCO	POCO_X	X6	POCO X6 Pro	POCO_POCO_X6_PRO	90	generated_alias_delta_v1_1
поко x6 pro	POCO	POCO_X	X6	POCO X6 Pro	POCO_POCO_X6_PRO	90	generated_alias_delta_v1_1
poco poco x6 pro	POCO	POCO_X	X6	POCO X6 Pro	POCO_POCO_X6_PRO	90	generated_alias_delta_v1_1
поко poco x6 pro	POCO	POCO_X	X6	POCO X6 Pro	POCO_POCO_X6_PRO	90	generated_alias_delta_v1_1
f7	POCO	POCO_F	F7	POCO F7	POCO_POCO_F7	90	generated_alias_delta_v1_1
pocof7	POCO	POCO_F	F7	POCO F7	POCO_POCO_F7	90	generated_alias_delta_v1_1
POCO F7	POCO	POCO_F	F7	POCO F7	POCO_POCO_F7	90	generated_alias_delta_v1_1
поко f7	POCO	POCO_F	F7	POCO F7	POCO_POCO_F7	90	generated_alias_delta_v1_1
poco poco f7	POCO	POCO_F	F7	POCO F7	POCO_POCO_F7	90	generated_alias_delta_v1_1
поко poco f7	POCO	POCO_F	F7	POCO F7	POCO_POCO_F7	90	generated_alias_delta_v1_1
f7pro	POCO	POCO_F	F7	POCO F7 Pro	POCO_POCO_F7_PRO	90	generated_alias_delta_v1_1
f7 pro	POCO	POCO_F	F7	POCO F7 Pro	POCO_POCO_F7_PRO	90	generated_alias_delta_v1_1
pocof7pro	POCO	POCO_F	F7	POCO F7 Pro	POCO_POCO_F7_PRO	90	generated_alias_delta_v1_1
POCO F7 Pro	POCO	POCO_F	F7	POCO F7 Pro	POCO_POCO_F7_PRO	90	generated_alias_delta_v1_1
поко f7 pro	POCO	POCO_F	F7	POCO F7 Pro	POCO_POCO_F7_PRO	90	generated_alias_delta_v1_1
poco poco f7 pro	POCO	POCO_F	F7	POCO F7 Pro	POCO_POCO_F7_PRO	90	generated_alias_delta_v1_1
поко poco f7 pro	POCO	POCO_F	F7	POCO F7 Pro	POCO_POCO_F7_PRO	90	generated_alias_delta_v1_1
x7pro	POCO	POCO_X	X7	POCO X7 Pro	POCO_POCO_X7_PRO	90	generated_alias_delta_v1_1
x7 pro	POCO	POCO_X	X7	POCO X7 Pro	POCO_POCO_X7_PRO	90	generated_alias_delta_v1_1
pocox7pro	POCO	POCO_X	X7	POCO X7 Pro	POCO_POCO_X7_PRO	90	generated_alias_delta_v1_1
POCO X7 Pro	POCO	POCO_X	X7	POCO X7 Pro	POCO_POCO_X7_PRO	90	generated_alias_delta_v1_1
поко x7 pro	POCO	POCO_X	X7	POCO X7 Pro	POCO_POCO_X7_PRO	90	generated_alias_delta_v1_1
poco poco x7 pro	POCO	POCO_X	X7	POCO X7 Pro	POCO_POCO_X7_PRO	90	generated_alias_delta_v1_1
поко poco x7 pro	POCO	POCO_X	X7	POCO X7 Pro	POCO_POCO_X7_PRO	90	generated_alias_delta_v1_1
gt7pro	REALME	REALME_GT	GT_7	realme GT 7 Pro	REALME_REALME_GT_7_PRO	90	generated_alias_delta_v1_1
gt 7 pro	REALME	REALME_GT	GT_7	realme GT 7 Pro	REALME_REALME_GT_7_PRO	90	generated_alias_delta_v1_1
realmegt7pro	REALME	REALME_GT	GT_7	realme GT 7 Pro	REALME_REALME_GT_7_PRO	90	generated_alias_delta_v1_1
realme GT 7 Pro	REALME	REALME_GT	GT_7	realme GT 7 Pro	REALME_REALME_GT_7_PRO	90	generated_alias_delta_v1_1
реалми gt 7 pro	REALME	REALME_GT	GT_7	realme GT 7 Pro	REALME_REALME_GT_7_PRO	90	generated_alias_delta_v1_1
realme realme gt 7 pro	REALME	REALME_GT	GT_7	realme GT 7 Pro	REALME_REALME_GT_7_PRO	90	generated_alias_delta_v1_1
реалми realme gt 7 pro	REALME	REALME_GT	GT_7	realme GT 7 Pro	REALME_REALME_GT_7_PRO	90	generated_alias_delta_v1_1
note13pro5g	REDMI	REDMI_NOTE	NOTE_13	Redmi Note 13 Pro 5G	REDMI_REDMI_NOTE_13_PRO_5G	90	generated_alias_delta_v1_1
note 13 pro 5g	REDMI	REDMI_NOTE	NOTE_13	Redmi Note 13 Pro 5G	REDMI_REDMI_NOTE_13_PRO_5G	90	generated_alias_delta_v1_1
redminote13pro5g	REDMI	REDMI_NOTE	NOTE_13	Redmi Note 13 Pro 5G	REDMI_REDMI_NOTE_13_PRO_5G	90	generated_alias_delta_v1_1
redmi not 13 pro 5g	REDMI	REDMI_NOTE	NOTE_13	Redmi Note 13 Pro 5G	REDMI_REDMI_NOTE_13_PRO_5G	90	generated_alias_delta_v1_1
Redmi Note 13 Pro 5G	REDMI	REDMI_NOTE	NOTE_13	Redmi Note 13 Pro 5G	REDMI_REDMI_NOTE_13_PRO_5G	90	generated_alias_delta_v1_1
redmi ноут 13 pro 5g	REDMI	REDMI_NOTE	NOTE_13	Redmi Note 13 Pro 5G	REDMI_REDMI_NOTE_13_PRO_5G	90	generated_alias_delta_v1_1
редми note 13 pro 5g	REDMI	REDMI_NOTE	NOTE_13	Redmi Note 13 Pro 5G	REDMI_REDMI_NOTE_13_PRO_5G	90	generated_alias_delta_v1_1
redmi redmi note 13 pro 5g	REDMI	REDMI_NOTE	NOTE_13	Redmi Note 13 Pro 5G	REDMI_REDMI_NOTE_13_PRO_5G	90	generated_alias_delta_v1_1
редми redmi note 13 pro 5g	REDMI	REDMI_NOTE	NOTE_13	Redmi Note 13 Pro 5G	REDMI_REDMI_NOTE_13_PRO_5G	90	generated_alias_delta_v1_1
note13pro5g	REDMI	REDMI_NOTE	NOTE_13	Redmi Note 13 Pro+ 5G	REDMI_REDMI_NOTE_13_PRO_PLUS_5G	90	generated_alias_delta_v1_1
note 13 pro+ 5g	REDMI	REDMI_NOTE	NOTE_13	Redmi Note 13 Pro+ 5G	REDMI_REDMI_NOTE_13_PRO_PLUS_5G	90	generated_alias_delta_v1_1
redminote13pro5g	REDMI	REDMI_NOTE	NOTE_13	Redmi Note 13 Pro+ 5G	REDMI_REDMI_NOTE_13_PRO_PLUS_5G	90	generated_alias_delta_v1_1
redmi not 13 pro+ 5g	REDMI	REDMI_NOTE	NOTE_13	Redmi Note 13 Pro+ 5G	REDMI_REDMI_NOTE_13_PRO_PLUS_5G	90	generated_alias_delta_v1_1
Redmi Note 13 Pro+ 5G	REDMI	REDMI_NOTE	NOTE_13	Redmi Note 13 Pro+ 5G	REDMI_REDMI_NOTE_13_PRO_PLUS_5G	90	generated_alias_delta_v1_1
redmi ноут 13 pro+ 5g	REDMI	REDMI_NOTE	NOTE_13	Redmi Note 13 Pro+ 5G	REDMI_REDMI_NOTE_13_PRO_PLUS_5G	90	generated_alias_delta_v1_1
редми note 13 pro+ 5g	REDMI	REDMI_NOTE	NOTE_13	Redmi Note 13 Pro+ 5G	REDMI_REDMI_NOTE_13_PRO_PLUS_5G	90	generated_alias_delta_v1_1
redmi redmi note 13 pro+ 5g	REDMI	REDMI_NOTE	NOTE_13	Redmi Note 13 Pro+ 5G	REDMI_REDMI_NOTE_13_PRO_PLUS_5G	90	generated_alias_delta_v1_1
редми redmi note 13 pro+ 5g	REDMI	REDMI_NOTE	NOTE_13	Redmi Note 13 Pro+ 5G	REDMI_REDMI_NOTE_13_PRO_PLUS_5G	90	generated_alias_delta_v1_1
note145g	REDMI	REDMI_NOTE	NOTE_14	Redmi Note 14 5G	REDMI_REDMI_NOTE_14_5G	90	generated_alias_delta_v1_1
note 14 5g	REDMI	REDMI_NOTE	NOTE_14	Redmi Note 14 5G	REDMI_REDMI_NOTE_14_5G	90	generated_alias_delta_v1_1
redminote145g	REDMI	REDMI_NOTE	NOTE_14	Redmi Note 14 5G	REDMI_REDMI_NOTE_14_5G	90	generated_alias_delta_v1_1
redmi not 14 5g	REDMI	REDMI_NOTE	NOTE_14	Redmi Note 14 5G	REDMI_REDMI_NOTE_14_5G	90	generated_alias_delta_v1_1
Redmi Note 14 5G	REDMI	REDMI_NOTE	NOTE_14	Redmi Note 14 5G	REDMI_REDMI_NOTE_14_5G	90	generated_alias_delta_v1_1
redmi ноут 14 5g	REDMI	REDMI_NOTE	NOTE_14	Redmi Note 14 5G	REDMI_REDMI_NOTE_14_5G	90	generated_alias_delta_v1_1
редми note 14 5g	REDMI	REDMI_NOTE	NOTE_14	Redmi Note 14 5G	REDMI_REDMI_NOTE_14_5G	90	generated_alias_delta_v1_1
redmi redmi note 14 5g	REDMI	REDMI_NOTE	NOTE_14	Redmi Note 14 5G	REDMI_REDMI_NOTE_14_5G	90	generated_alias_delta_v1_1
редми redmi note 14 5g	REDMI	REDMI_NOTE	NOTE_14	Redmi Note 14 5G	REDMI_REDMI_NOTE_14_5G	90	generated_alias_delta_v1_1
a545g	SAMSUNG	GALAXY_A	A54	Galaxy A54 5G	SAMSUNG_GALAXY_A54_5G	90	generated_alias_delta_v1_1
a54 5g	SAMSUNG	GALAXY_A	A54	Galaxy A54 5G	SAMSUNG_GALAXY_A54_5G	90	generated_alias_delta_v1_1
galaxya545g	SAMSUNG	GALAXY_A	A54	Galaxy A54 5G	SAMSUNG_GALAXY_A54_5G	90	generated_alias_delta_v1_1
самс a54 5g	SAMSUNG	GALAXY_A	A54	Galaxy A54 5G	SAMSUNG_GALAXY_A54_5G	90	generated_alias_delta_v1_1
Galaxy A54 5G	SAMSUNG	GALAXY_A	A54	Galaxy A54 5G	SAMSUNG_GALAXY_A54_5G	90	generated_alias_delta_v1_1
samsung a54 5g	SAMSUNG	GALAXY_A	A54	Galaxy A54 5G	SAMSUNG_GALAXY_A54_5G	90	generated_alias_delta_v1_1
самсунг a54 5g	SAMSUNG	GALAXY_A	A54	Galaxy A54 5G	SAMSUNG_GALAXY_A54_5G	90	generated_alias_delta_v1_1
самс galaxy a54 5g	SAMSUNG	GALAXY_A	A54	Galaxy A54 5G	SAMSUNG_GALAXY_A54_5G	90	generated_alias_delta_v1_1
samsung galaxy a54 5g	SAMSUNG	GALAXY_A	A54	Galaxy A54 5G	SAMSUNG_GALAXY_A54_5G	90	generated_alias_delta_v1_1
самсунг galaxy a54 5g	SAMSUNG	GALAXY_A	A54	Galaxy A54 5G	SAMSUNG_GALAXY_A54_5G	90	generated_alias_delta_v1_1
самсунг галакси a54 5g	SAMSUNG	GALAXY_A	A54	Galaxy A54 5G	SAMSUNG_GALAXY_A54_5G	90	generated_alias_delta_v1_1
s23	SAMSUNG	GALAXY_S	S23	Galaxy S23	SAMSUNG_GALAXY_S23	90	generated_alias_delta_v1_1
самс s23	SAMSUNG	GALAXY_S	S23	Galaxy S23	SAMSUNG_GALAXY_S23	90	generated_alias_delta_v1_1
galaxys23	SAMSUNG	GALAXY_S	S23	Galaxy S23	SAMSUNG_GALAXY_S23	90	generated_alias_delta_v1_1
Galaxy S23	SAMSUNG	GALAXY_S	S23	Galaxy S23	SAMSUNG_GALAXY_S23	90	generated_alias_delta_v1_1
samsung s23	SAMSUNG	GALAXY_S	S23	Galaxy S23	SAMSUNG_GALAXY_S23	90	generated_alias_delta_v1_1
самсунг s23	SAMSUNG	GALAXY_S	S23	Galaxy S23	SAMSUNG_GALAXY_S23	90	generated_alias_delta_v1_1
самс galaxy s23	SAMSUNG	GALAXY_S	S23	Galaxy S23	SAMSUNG_GALAXY_S23	90	generated_alias_delta_v1_1
samsung galaxy s23	SAMSUNG	GALAXY_S	S23	Galaxy S23	SAMSUNG_GALAXY_S23	90	generated_alias_delta_v1_1
самсунг galaxy s23	SAMSUNG	GALAXY_S	S23	Galaxy S23	SAMSUNG_GALAXY_S23	90	generated_alias_delta_v1_1
самсунг галакси s23	SAMSUNG	GALAXY_S	S23	Galaxy S23	SAMSUNG_GALAXY_S23	90	generated_alias_delta_v1_1
s23u	SAMSUNG	GALAXY_S	S23	Galaxy S23 Ultra	SAMSUNG_GALAXY_S23_ULTRA	90	generated_alias_delta_v1_1
s23ultra	SAMSUNG	GALAXY_S	S23	Galaxy S23 Ultra	SAMSUNG_GALAXY_S23_ULTRA	90	generated_alias_delta_v1_1
s23 ultra	SAMSUNG	GALAXY_S	S23	Galaxy S23 Ultra	SAMSUNG_GALAXY_S23_ULTRA	90	generated_alias_delta_v1_1
galaxys23ultra	SAMSUNG	GALAXY_S	S23	Galaxy S23 Ultra	SAMSUNG_GALAXY_S23_ULTRA	90	generated_alias_delta_v1_1
самс s23 ultra	SAMSUNG	GALAXY_S	S23	Galaxy S23 Ultra	SAMSUNG_GALAXY_S23_ULTRA	90	generated_alias_delta_v1_1
Galaxy S23 Ultra	SAMSUNG	GALAXY_S	S23	Galaxy S23 Ultra	SAMSUNG_GALAXY_S23_ULTRA	90	generated_alias_delta_v1_1
samsung s23 ultra	SAMSUNG	GALAXY_S	S23	Galaxy S23 Ultra	SAMSUNG_GALAXY_S23_ULTRA	90	generated_alias_delta_v1_1
самсунг s23 ultra	SAMSUNG	GALAXY_S	S23	Galaxy S23 Ultra	SAMSUNG_GALAXY_S23_ULTRA	90	generated_alias_delta_v1_1
самс galaxy s23 ultra	SAMSUNG	GALAXY_S	S23	Galaxy S23 Ultra	SAMSUNG_GALAXY_S23_ULTRA	90	generated_alias_delta_v1_1
samsung galaxy s23 ultra	SAMSUNG	GALAXY_S	S23	Galaxy S23 Ultra	SAMSUNG_GALAXY_S23_ULTRA	90	generated_alias_delta_v1_1
самсунг galaxy s23 ultra	SAMSUNG	GALAXY_S	S23	Galaxy S23 Ultra	SAMSUNG_GALAXY_S23_ULTRA	90	generated_alias_delta_v1_1
самсунг галакси s23 ultra	SAMSUNG	GALAXY_S	S23	Galaxy S23 Ultra	SAMSUNG_GALAXY_S23_ULTRA	90	generated_alias_delta_v1_1
a355g	SAMSUNG	GALAXY_A	A35	Galaxy A35 5G	SAMSUNG_GALAXY_A35_5G	90	generated_alias_delta_v1_1
a35 5g	SAMSUNG	GALAXY_A	A35	Galaxy A35 5G	SAMSUNG_GALAXY_A35_5G	90	generated_alias_delta_v1_1
galaxya355g	SAMSUNG	GALAXY_A	A35	Galaxy A35 5G	SAMSUNG_GALAXY_A35_5G	90	generated_alias_delta_v1_1
самс a35 5g	SAMSUNG	GALAXY_A	A35	Galaxy A35 5G	SAMSUNG_GALAXY_A35_5G	90	generated_alias_delta_v1_1
Galaxy A35 5G	SAMSUNG	GALAXY_A	A35	Galaxy A35 5G	SAMSUNG_GALAXY_A35_5G	90	generated_alias_delta_v1_1
samsung a35 5g	SAMSUNG	GALAXY_A	A35	Galaxy A35 5G	SAMSUNG_GALAXY_A35_5G	90	generated_alias_delta_v1_1
самсунг a35 5g	SAMSUNG	GALAXY_A	A35	Galaxy A35 5G	SAMSUNG_GALAXY_A35_5G	90	generated_alias_delta_v1_1
самс galaxy a35 5g	SAMSUNG	GALAXY_A	A35	Galaxy A35 5G	SAMSUNG_GALAXY_A35_5G	90	generated_alias_delta_v1_1
samsung galaxy a35 5g	SAMSUNG	GALAXY_A	A35	Galaxy A35 5G	SAMSUNG_GALAXY_A35_5G	90	generated_alias_delta_v1_1
самсунг galaxy a35 5g	SAMSUNG	GALAXY_A	A35	Galaxy A35 5G	SAMSUNG_GALAXY_A35_5G	90	generated_alias_delta_v1_1
самсунг галакси a35 5g	SAMSUNG	GALAXY_A	A35	Galaxy A35 5G	SAMSUNG_GALAXY_A35_5G	90	generated_alias_delta_v1_1
s24	SAMSUNG	GALAXY_S	S24	Galaxy S24+	SAMSUNG_GALAXY_S24_PLUS	90	generated_alias_delta_v1_1
s24+	SAMSUNG	GALAXY_S	S24	Galaxy S24+	SAMSUNG_GALAXY_S24_PLUS	90	generated_alias_delta_v1_1
galaxys24	SAMSUNG	GALAXY_S	S24	Galaxy S24+	SAMSUNG_GALAXY_S24_PLUS	90	generated_alias_delta_v1_1
самс s24+	SAMSUNG	GALAXY_S	S24	Galaxy S24+	SAMSUNG_GALAXY_S24_PLUS	90	generated_alias_delta_v1_1
Galaxy S24+	SAMSUNG	GALAXY_S	S24	Galaxy S24+	SAMSUNG_GALAXY_S24_PLUS	90	generated_alias_delta_v1_1
samsung s24+	SAMSUNG	GALAXY_S	S24	Galaxy S24+	SAMSUNG_GALAXY_S24_PLUS	90	generated_alias_delta_v1_1
самсунг s24+	SAMSUNG	GALAXY_S	S24	Galaxy S24+	SAMSUNG_GALAXY_S24_PLUS	90	generated_alias_delta_v1_1
самс galaxy s24+	SAMSUNG	GALAXY_S	S24	Galaxy S24+	SAMSUNG_GALAXY_S24_PLUS	90	generated_alias_delta_v1_1
samsung galaxy s24+	SAMSUNG	GALAXY_S	S24	Galaxy S24+	SAMSUNG_GALAXY_S24_PLUS	90	generated_alias_delta_v1_1
самсунг galaxy s24+	SAMSUNG	GALAXY_S	S24	Galaxy S24+	SAMSUNG_GALAXY_S24_PLUS	90	generated_alias_delta_v1_1
самсунг галакси s24+	SAMSUNG	GALAXY_S	S24	Galaxy S24+	SAMSUNG_GALAXY_S24_PLUS	90	generated_alias_delta_v1_1
zflip6	SAMSUNG	GALAXY_Z	Z_FLIP	Galaxy Z Flip6	SAMSUNG_GALAXY_Z_FLIP6	90	generated_alias_delta_v1_1
z flip6	SAMSUNG	GALAXY_Z	Z_FLIP	Galaxy Z Flip6	SAMSUNG_GALAXY_Z_FLIP6	90	generated_alias_delta_v1_1
galaxyzflip6	SAMSUNG	GALAXY_Z	Z_FLIP	Galaxy Z Flip6	SAMSUNG_GALAXY_Z_FLIP6	90	generated_alias_delta_v1_1
самс z flip6	SAMSUNG	GALAXY_Z	Z_FLIP	Galaxy Z Flip6	SAMSUNG_GALAXY_Z_FLIP6	90	generated_alias_delta_v1_1
Galaxy Z Flip6	SAMSUNG	GALAXY_Z	Z_FLIP	Galaxy Z Flip6	SAMSUNG_GALAXY_Z_FLIP6	90	generated_alias_delta_v1_1
samsung z flip6	SAMSUNG	GALAXY_Z	Z_FLIP	Galaxy Z Flip6	SAMSUNG_GALAXY_Z_FLIP6	90	generated_alias_delta_v1_1
самсунг z flip6	SAMSUNG	GALAXY_Z	Z_FLIP	Galaxy Z Flip6	SAMSUNG_GALAXY_Z_FLIP6	90	generated_alias_delta_v1_1
самс galaxy z flip6	SAMSUNG	GALAXY_Z	Z_FLIP	Galaxy Z Flip6	SAMSUNG_GALAXY_Z_FLIP6	90	generated_alias_delta_v1_1
samsung galaxy z flip6	SAMSUNG	GALAXY_Z	Z_FLIP	Galaxy Z Flip6	SAMSUNG_GALAXY_Z_FLIP6	90	generated_alias_delta_v1_1
самсунг galaxy z flip6	SAMSUNG	GALAXY_Z	Z_FLIP	Galaxy Z Flip6	SAMSUNG_GALAXY_Z_FLIP6	90	generated_alias_delta_v1_1
самсунг галакси z flip6	SAMSUNG	GALAXY_Z	Z_FLIP	Galaxy Z Flip6	SAMSUNG_GALAXY_Z_FLIP6	90	generated_alias_delta_v1_1
zfold6	SAMSUNG	GALAXY_Z	Z_FOLD	Galaxy Z Fold6	SAMSUNG_GALAXY_Z_FOLD6	90	generated_alias_delta_v1_1
z fold6	SAMSUNG	GALAXY_Z	Z_FOLD	Galaxy Z Fold6	SAMSUNG_GALAXY_Z_FOLD6	90	generated_alias_delta_v1_1
galaxyzfold6	SAMSUNG	GALAXY_Z	Z_FOLD	Galaxy Z Fold6	SAMSUNG_GALAXY_Z_FOLD6	90	generated_alias_delta_v1_1
самс z fold6	SAMSUNG	GALAXY_Z	Z_FOLD	Galaxy Z Fold6	SAMSUNG_GALAXY_Z_FOLD6	90	generated_alias_delta_v1_1
Galaxy Z Fold6	SAMSUNG	GALAXY_Z	Z_FOLD	Galaxy Z Fold6	SAMSUNG_GALAXY_Z_FOLD6	90	generated_alias_delta_v1_1
samsung z fold6	SAMSUNG	GALAXY_Z	Z_FOLD	Galaxy Z Fold6	SAMSUNG_GALAXY_Z_FOLD6	90	generated_alias_delta_v1_1
самсунг z fold6	SAMSUNG	GALAXY_Z	Z_FOLD	Galaxy Z Fold6	SAMSUNG_GALAXY_Z_FOLD6	90	generated_alias_delta_v1_1
самс galaxy z fold6	SAMSUNG	GALAXY_Z	Z_FOLD	Galaxy Z Fold6	SAMSUNG_GALAXY_Z_FOLD6	90	generated_alias_delta_v1_1
samsung galaxy z fold6	SAMSUNG	GALAXY_Z	Z_FOLD	Galaxy Z Fold6	SAMSUNG_GALAXY_Z_FOLD6	90	generated_alias_delta_v1_1
самсунг galaxy z fold6	SAMSUNG	GALAXY_Z	Z_FOLD	Galaxy Z Fold6	SAMSUNG_GALAXY_Z_FOLD6	90	generated_alias_delta_v1_1
самсунг галакси z fold6	SAMSUNG	GALAXY_Z	Z_FOLD	Galaxy Z Fold6	SAMSUNG_GALAXY_Z_FOLD6	90	generated_alias_delta_v1_1
a365g	SAMSUNG	GALAXY_A	A36	Galaxy A36 5G	SAMSUNG_GALAXY_A36_5G	90	generated_alias_delta_v1_1
a36 5g	SAMSUNG	GALAXY_A	A36	Galaxy A36 5G	SAMSUNG_GALAXY_A36_5G	90	generated_alias_delta_v1_1
galaxya365g	SAMSUNG	GALAXY_A	A36	Galaxy A36 5G	SAMSUNG_GALAXY_A36_5G	90	generated_alias_delta_v1_1
самс a36 5g	SAMSUNG	GALAXY_A	A36	Galaxy A36 5G	SAMSUNG_GALAXY_A36_5G	90	generated_alias_delta_v1_1
Galaxy A36 5G	SAMSUNG	GALAXY_A	A36	Galaxy A36 5G	SAMSUNG_GALAXY_A36_5G	90	generated_alias_delta_v1_1
samsung a36 5g	SAMSUNG	GALAXY_A	A36	Galaxy A36 5G	SAMSUNG_GALAXY_A36_5G	90	generated_alias_delta_v1_1
самсунг a36 5g	SAMSUNG	GALAXY_A	A36	Galaxy A36 5G	SAMSUNG_GALAXY_A36_5G	90	generated_alias_delta_v1_1
самс galaxy a36 5g	SAMSUNG	GALAXY_A	A36	Galaxy A36 5G	SAMSUNG_GALAXY_A36_5G	90	generated_alias_delta_v1_1
samsung galaxy a36 5g	SAMSUNG	GALAXY_A	A36	Galaxy A36 5G	SAMSUNG_GALAXY_A36_5G	90	generated_alias_delta_v1_1
самсунг galaxy a36 5g	SAMSUNG	GALAXY_A	A36	Galaxy A36 5G	SAMSUNG_GALAXY_A36_5G	90	generated_alias_delta_v1_1
самсунг галакси a36 5g	SAMSUNG	GALAXY_A	A36	Galaxy A36 5G	SAMSUNG_GALAXY_A36_5G	90	generated_alias_delta_v1_1
s25	SAMSUNG	GALAXY_S	S25	Galaxy S25+	SAMSUNG_GALAXY_S25_PLUS	90	generated_alias_delta_v1_1
s25+	SAMSUNG	GALAXY_S	S25	Galaxy S25+	SAMSUNG_GALAXY_S25_PLUS	90	generated_alias_delta_v1_1
galaxys25	SAMSUNG	GALAXY_S	S25	Galaxy S25+	SAMSUNG_GALAXY_S25_PLUS	90	generated_alias_delta_v1_1
самс s25+	SAMSUNG	GALAXY_S	S25	Galaxy S25+	SAMSUNG_GALAXY_S25_PLUS	90	generated_alias_delta_v1_1
Galaxy S25+	SAMSUNG	GALAXY_S	S25	Galaxy S25+	SAMSUNG_GALAXY_S25_PLUS	90	generated_alias_delta_v1_1
samsung s25+	SAMSUNG	GALAXY_S	S25	Galaxy S25+	SAMSUNG_GALAXY_S25_PLUS	90	generated_alias_delta_v1_1
самсунг s25+	SAMSUNG	GALAXY_S	S25	Galaxy S25+	SAMSUNG_GALAXY_S25_PLUS	90	generated_alias_delta_v1_1
самс galaxy s25+	SAMSUNG	GALAXY_S	S25	Galaxy S25+	SAMSUNG_GALAXY_S25_PLUS	90	generated_alias_delta_v1_1
samsung galaxy s25+	SAMSUNG	GALAXY_S	S25	Galaxy S25+	SAMSUNG_GALAXY_S25_PLUS	90	generated_alias_delta_v1_1
самсунг galaxy s25+	SAMSUNG	GALAXY_S	S25	Galaxy S25+	SAMSUNG_GALAXY_S25_PLUS	90	generated_alias_delta_v1_1
самсунг галакси s25+	SAMSUNG	GALAXY_S	S25	Galaxy S25+	SAMSUNG_GALAXY_S25_PLUS	90	generated_alias_delta_v1_1
x200pro	VIVO	VIVO_X	X200	vivo X200 Pro	VIVO_VIVO_X200_PRO	90	generated_alias_delta_v1_1
x200 pro	VIVO	VIVO_X	X200	vivo X200 Pro	VIVO_VIVO_X200_PRO	90	generated_alias_delta_v1_1
vivox200pro	VIVO	VIVO_X	X200	vivo X200 Pro	VIVO_VIVO_X200_PRO	90	generated_alias_delta_v1_1
vivo X200 Pro	VIVO	VIVO_X	X200	vivo X200 Pro	VIVO_VIVO_X200_PRO	90	generated_alias_delta_v1_1
виво x200 pro	VIVO	VIVO_X	X200	vivo X200 Pro	VIVO_VIVO_X200_PRO	90	generated_alias_delta_v1_1
vivo vivo x200 pro	VIVO	VIVO_X	X200	vivo X200 Pro	VIVO_VIVO_X200_PRO	90	generated_alias_delta_v1_1
виво vivo x200 pro	VIVO	VIVO_X	X200	vivo X200 Pro	VIVO_VIVO_X200_PRO	90	generated_alias_delta_v1_1
14ultra	XIAOMI	XIAOMI_NUMBER	14	Xiaomi 14 Ultra	XIAOMI_XIAOMI_14_ULTRA	90	generated_alias_delta_v1_1
14 ultra	XIAOMI	XIAOMI_NUMBER	14	Xiaomi 14 Ultra	XIAOMI_XIAOMI_14_ULTRA	90	generated_alias_delta_v1_1
ми 14 ultra	XIAOMI	XIAOMI_NUMBER	14	Xiaomi 14 Ultra	XIAOMI_XIAOMI_14_ULTRA	90	generated_alias_delta_v1_1
xiaomi14ultra	XIAOMI	XIAOMI_NUMBER	14	Xiaomi 14 Ultra	XIAOMI_XIAOMI_14_ULTRA	90	generated_alias_delta_v1_1
сяоми 14 ultra	XIAOMI	XIAOMI_NUMBER	14	Xiaomi 14 Ultra	XIAOMI_XIAOMI_14_ULTRA	90	generated_alias_delta_v1_1
Xiaomi 14 Ultra	XIAOMI	XIAOMI_NUMBER	14	Xiaomi 14 Ultra	XIAOMI_XIAOMI_14_ULTRA	90	generated_alias_delta_v1_1
ксяоми 14 ultra	XIAOMI	XIAOMI_NUMBER	14	Xiaomi 14 Ultra	XIAOMI_XIAOMI_14_ULTRA	90	generated_alias_delta_v1_1
ми xiaomi 14 ultra	XIAOMI	XIAOMI_NUMBER	14	Xiaomi 14 Ultra	XIAOMI_XIAOMI_14_ULTRA	90	generated_alias_delta_v1_1
сяоми xiaomi 14 ultra	XIAOMI	XIAOMI_NUMBER	14	Xiaomi 14 Ultra	XIAOMI_XIAOMI_14_ULTRA	90	generated_alias_delta_v1_1
xiaomi xiaomi 14 ultra	XIAOMI	XIAOMI_NUMBER	14	Xiaomi 14 Ultra	XIAOMI_XIAOMI_14_ULTRA	90	generated_alias_delta_v1_1
ксяоми xiaomi 14 ultra	XIAOMI	XIAOMI_NUMBER	14	Xiaomi 14 Ultra	XIAOMI_XIAOMI_14_ULTRA	90	generated_alias_delta_v1_1
14tpro	XIAOMI	XIAOMI_T	14T	Xiaomi 14T Pro	XIAOMI_XIAOMI_14T_PRO	90	generated_alias_delta_v1_1
14t pro	XIAOMI	XIAOMI_T	14T	Xiaomi 14T Pro	XIAOMI_XIAOMI_14T_PRO	90	generated_alias_delta_v1_1
ми 14t pro	XIAOMI	XIAOMI_T	14T	Xiaomi 14T Pro	XIAOMI_XIAOMI_14T_PRO	90	generated_alias_delta_v1_1
xiaomi14tpro	XIAOMI	XIAOMI_T	14T	Xiaomi 14T Pro	XIAOMI_XIAOMI_14T_PRO	90	generated_alias_delta_v1_1
сяоми 14t pro	XIAOMI	XIAOMI_T	14T	Xiaomi 14T Pro	XIAOMI_XIAOMI_14T_PRO	90	generated_alias_delta_v1_1
Xiaomi 14T Pro	XIAOMI	XIAOMI_T	14T	Xiaomi 14T Pro	XIAOMI_XIAOMI_14T_PRO	90	generated_alias_delta_v1_1
ксяоми 14t pro	XIAOMI	XIAOMI_T	14T	Xiaomi 14T Pro	XIAOMI_XIAOMI_14T_PRO	90	generated_alias_delta_v1_1
ми xiaomi 14t pro	XIAOMI	XIAOMI_T	14T	Xiaomi 14T Pro	XIAOMI_XIAOMI_14T_PRO	90	generated_alias_delta_v1_1
сяоми xiaomi 14t pro	XIAOMI	XIAOMI_T	14T	Xiaomi 14T Pro	XIAOMI_XIAOMI_14T_PRO	90	generated_alias_delta_v1_1
xiaomi xiaomi 14t pro	XIAOMI	XIAOMI_T	14T	Xiaomi 14T Pro	XIAOMI_XIAOMI_14T_PRO	90	generated_alias_delta_v1_1
ксяоми xiaomi 14t pro	XIAOMI	XIAOMI_T	14T	Xiaomi 14T Pro	XIAOMI_XIAOMI_14T_PRO	90	generated_alias_delta_v1_1
15	XIAOMI	XIAOMI_NUMBER	15	Xiaomi 15	XIAOMI_XIAOMI_15	90	generated_alias_delta_v1_1
ми 15	XIAOMI	XIAOMI_NUMBER	15	Xiaomi 15	XIAOMI_XIAOMI_15	90	generated_alias_delta_v1_1
xiaomi15	XIAOMI	XIAOMI_NUMBER	15	Xiaomi 15	XIAOMI_XIAOMI_15	90	generated_alias_delta_v1_1
сяоми 15	XIAOMI	XIAOMI_NUMBER	15	Xiaomi 15	XIAOMI_XIAOMI_15	90	generated_alias_delta_v1_1
Xiaomi 15	XIAOMI	XIAOMI_NUMBER	15	Xiaomi 15	XIAOMI_XIAOMI_15	90	generated_alias_delta_v1_1
ксяоми 15	XIAOMI	XIAOMI_NUMBER	15	Xiaomi 15	XIAOMI_XIAOMI_15	90	generated_alias_delta_v1_1
ми xiaomi 15	XIAOMI	XIAOMI_NUMBER	15	Xiaomi 15	XIAOMI_XIAOMI_15	90	generated_alias_delta_v1_1
сяоми xiaomi 15	XIAOMI	XIAOMI_NUMBER	15	Xiaomi 15	XIAOMI_XIAOMI_15	90	generated_alias_delta_v1_1
xiaomi xiaomi 15	XIAOMI	XIAOMI_NUMBER	15	Xiaomi 15	XIAOMI_XIAOMI_15	90	generated_alias_delta_v1_1
ксяоми xiaomi 15	XIAOMI	XIAOMI_NUMBER	15	Xiaomi 15	XIAOMI_XIAOMI_15	90	generated_alias_delta_v1_1
15ultra	XIAOMI	XIAOMI_NUMBER	15	Xiaomi 15 Ultra	XIAOMI_XIAOMI_15_ULTRA	90	generated_alias_delta_v1_1
15 ultra	XIAOMI	XIAOMI_NUMBER	15	Xiaomi 15 Ultra	XIAOMI_XIAOMI_15_ULTRA	90	generated_alias_delta_v1_1
ми 15 ultra	XIAOMI	XIAOMI_NUMBER	15	Xiaomi 15 Ultra	XIAOMI_XIAOMI_15_ULTRA	90	generated_alias_delta_v1_1
xiaomi15ultra	XIAOMI	XIAOMI_NUMBER	15	Xiaomi 15 Ultra	XIAOMI_XIAOMI_15_ULTRA	90	generated_alias_delta_v1_1
сяоми 15 ultra	XIAOMI	XIAOMI_NUMBER	15	Xiaomi 15 Ultra	XIAOMI_XIAOMI_15_ULTRA	90	generated_alias_delta_v1_1
Xiaomi 15 Ultra	XIAOMI	XIAOMI_NUMBER	15	Xiaomi 15 Ultra	XIAOMI_XIAOMI_15_ULTRA	90	generated_alias_delta_v1_1
ксяоми 15 ultra	XIAOMI	XIAOMI_NUMBER	15	Xiaomi 15 Ultra	XIAOMI_XIAOMI_15_ULTRA	90	generated_alias_delta_v1_1
ми xiaomi 15 ultra	XIAOMI	XIAOMI_NUMBER	15	Xiaomi 15 Ultra	XIAOMI_XIAOMI_15_ULTRA	90	generated_alias_delta_v1_1
сяоми xiaomi 15 ultra	XIAOMI	XIAOMI_NUMBER	15	Xiaomi 15 Ultra	XIAOMI_XIAOMI_15_ULTRA	90	generated_alias_delta_v1_1
xiaomi xiaomi 15 ultra	XIAOMI	XIAOMI_NUMBER	15	Xiaomi 15 Ultra	XIAOMI_XIAOMI_15_ULTRA	90	generated_alias_delta_v1_1
ксяоми xiaomi 15 ultra	XIAOMI	XIAOMI_NUMBER	15	Xiaomi 15 Ultra	XIAOMI_XIAOMI_15_ULTRA	90	generated_alias_delta_v1_1
11	APPLE	IPHONE	11	iPhone 11	APPLE_IPHONE_11	75	generated_alias_delta_v1_1
аппл 11	APPLE	IPHONE	11	iPhone 11	APPLE_IPHONE_11	75	generated_alias_delta_v1_1
эппл 11	APPLE	IPHONE	11	iPhone 11	APPLE_IPHONE_11	75	generated_alias_delta_v1_1
apple 11	APPLE	IPHONE	11	iPhone 11	APPLE_IPHONE_11	75	generated_alias_delta_v1_1
iphone11	APPLE	IPHONE	11	iPhone 11	APPLE_IPHONE_11	75	generated_alias_delta_v1_1
айфон 11	APPLE	IPHONE	11	iPhone 11	APPLE_IPHONE_11	75	generated_alias_delta_v1_1
iPhone 11	APPLE	IPHONE	11	iPhone 11	APPLE_IPHONE_11	75	generated_alias_delta_v1_1
аппл iphone 11	APPLE	IPHONE	11	iPhone 11	APPLE_IPHONE_11	75	generated_alias_delta_v1_1
эппл iphone 11	APPLE	IPHONE	11	iPhone 11	APPLE_IPHONE_11	75	generated_alias_delta_v1_1
apple iphone 11	APPLE	IPHONE	11	iPhone 11	APPLE_IPHONE_11	75	generated_alias_delta_v1_1
12pro	APPLE	IPHONE	12	iPhone 12 Pro	APPLE_IPHONE_12_PRO	75	generated_alias_delta_v1_1
12 pro	APPLE	IPHONE	12	iPhone 12 Pro	APPLE_IPHONE_12_PRO	75	generated_alias_delta_v1_1
айфон 12	APPLE	IPHONE	12	iPhone 12 Pro	APPLE_IPHONE_12_PRO	75	generated_alias_delta_v1_1
iphone 12	APPLE	IPHONE	12	iPhone 12 Pro	APPLE_IPHONE_12_PRO	75	generated_alias_delta_v1_1
iphone12pro	APPLE	IPHONE	12	iPhone 12 Pro	APPLE_IPHONE_12_PRO	75	generated_alias_delta_v1_1
аппл 12 pro	APPLE	IPHONE	12	iPhone 12 Pro	APPLE_IPHONE_12_PRO	75	generated_alias_delta_v1_1
эппл 12 pro	APPLE	IPHONE	12	iPhone 12 Pro	APPLE_IPHONE_12_PRO	75	generated_alias_delta_v1_1
apple 12 pro	APPLE	IPHONE	12	iPhone 12 Pro	APPLE_IPHONE_12_PRO	75	generated_alias_delta_v1_1
айфон 12 pro	APPLE	IPHONE	12	iPhone 12 Pro	APPLE_IPHONE_12_PRO	75	generated_alias_delta_v1_1
iPhone 12 Pro	APPLE	IPHONE	12	iPhone 12 Pro	APPLE_IPHONE_12_PRO	75	generated_alias_delta_v1_1
аппл iphone 12 pro	APPLE	IPHONE	12	iPhone 12 Pro	APPLE_IPHONE_12_PRO	75	generated_alias_delta_v1_1
эппл iphone 12 pro	APPLE	IPHONE	12	iPhone 12 Pro	APPLE_IPHONE_12_PRO	75	generated_alias_delta_v1_1
apple iphone 12 pro	APPLE	IPHONE	12	iPhone 12 Pro	APPLE_IPHONE_12_PRO	75	generated_alias_delta_v1_1
12promax	APPLE	IPHONE	12	iPhone 12 Pro Max	APPLE_IPHONE_12_PRO_MAX	75	generated_alias_delta_v1_1
айфон 12	APPLE	IPHONE	12	iPhone 12 Pro Max	APPLE_IPHONE_12_PRO_MAX	75	generated_alias_delta_v1_1
iphone 12	APPLE	IPHONE	12	iPhone 12 Pro Max	APPLE_IPHONE_12_PRO_MAX	75	generated_alias_delta_v1_1
12 pro max	APPLE	IPHONE	12	iPhone 12 Pro Max	APPLE_IPHONE_12_PRO_MAX	75	generated_alias_delta_v1_1
iphone12promax	APPLE	IPHONE	12	iPhone 12 Pro Max	APPLE_IPHONE_12_PRO_MAX	75	generated_alias_delta_v1_1
аппл 12 pro max	APPLE	IPHONE	12	iPhone 12 Pro Max	APPLE_IPHONE_12_PRO_MAX	75	generated_alias_delta_v1_1
эппл 12 pro max	APPLE	IPHONE	12	iPhone 12 Pro Max	APPLE_IPHONE_12_PRO_MAX	75	generated_alias_delta_v1_1
apple 12 pro max	APPLE	IPHONE	12	iPhone 12 Pro Max	APPLE_IPHONE_12_PRO_MAX	75	generated_alias_delta_v1_1
iphone 12 promax	APPLE	IPHONE	12	iPhone 12 Pro Max	APPLE_IPHONE_12_PRO_MAX	75	generated_alias_delta_v1_1
айфон 12 pro max	APPLE	IPHONE	12	iPhone 12 Pro Max	APPLE_IPHONE_12_PRO_MAX	75	generated_alias_delta_v1_1
iPhone 12 Pro Max	APPLE	IPHONE	12	iPhone 12 Pro Max	APPLE_IPHONE_12_PRO_MAX	75	generated_alias_delta_v1_1
аппл iphone 12 pro max	APPLE	IPHONE	12	iPhone 12 Pro Max	APPLE_IPHONE_12_PRO_MAX	75	generated_alias_delta_v1_1
эппл iphone 12 pro max	APPLE	IPHONE	12	iPhone 12 Pro Max	APPLE_IPHONE_12_PRO_MAX	75	generated_alias_delta_v1_1
apple iphone 12 pro max	APPLE	IPHONE	12	iPhone 12 Pro Max	APPLE_IPHONE_12_PRO_MAX	75	generated_alias_delta_v1_1
13mini	APPLE	IPHONE	13	iPhone 13 mini	APPLE_IPHONE_13_MINI	75	generated_alias_delta_v1_1
13 mini	APPLE	IPHONE	13	iPhone 13 mini	APPLE_IPHONE_13_MINI	75	generated_alias_delta_v1_1
айфон 13	APPLE	IPHONE	13	iPhone 13 mini	APPLE_IPHONE_13_MINI	75	generated_alias_delta_v1_1
iphone 13	APPLE	IPHONE	13	iPhone 13 mini	APPLE_IPHONE_13_MINI	75	generated_alias_delta_v1_1
iphone13mini	APPLE	IPHONE	13	iPhone 13 mini	APPLE_IPHONE_13_MINI	75	generated_alias_delta_v1_1
аппл 13 mini	APPLE	IPHONE	13	iPhone 13 mini	APPLE_IPHONE_13_MINI	75	generated_alias_delta_v1_1
эппл 13 mini	APPLE	IPHONE	13	iPhone 13 mini	APPLE_IPHONE_13_MINI	75	generated_alias_delta_v1_1
apple 13 mini	APPLE	IPHONE	13	iPhone 13 mini	APPLE_IPHONE_13_MINI	75	generated_alias_delta_v1_1
айфон 13 mini	APPLE	IPHONE	13	iPhone 13 mini	APPLE_IPHONE_13_MINI	75	generated_alias_delta_v1_1
iPhone 13 mini	APPLE	IPHONE	13	iPhone 13 mini	APPLE_IPHONE_13_MINI	75	generated_alias_delta_v1_1
аппл iphone 13 mini	APPLE	IPHONE	13	iPhone 13 mini	APPLE_IPHONE_13_MINI	75	generated_alias_delta_v1_1
эппл iphone 13 mini	APPLE	IPHONE	13	iPhone 13 mini	APPLE_IPHONE_13_MINI	75	generated_alias_delta_v1_1
apple iphone 13 mini	APPLE	IPHONE	13	iPhone 13 mini	APPLE_IPHONE_13_MINI	75	generated_alias_delta_v1_1
14plus	APPLE	IPHONE	14	iPhone 14 Plus	APPLE_IPHONE_14_PLUS	75	generated_alias_delta_v1_1
14 plus	APPLE	IPHONE	14	iPhone 14 Plus	APPLE_IPHONE_14_PLUS	75	generated_alias_delta_v1_1
айфон 14	APPLE	IPHONE	14	iPhone 14 Plus	APPLE_IPHONE_14_PLUS	75	generated_alias_delta_v1_1
iphone 14	APPLE	IPHONE	14	iPhone 14 Plus	APPLE_IPHONE_14_PLUS	75	generated_alias_delta_v1_1
iphone14plus	APPLE	IPHONE	14	iPhone 14 Plus	APPLE_IPHONE_14_PLUS	75	generated_alias_delta_v1_1
аппл 14 plus	APPLE	IPHONE	14	iPhone 14 Plus	APPLE_IPHONE_14_PLUS	75	generated_alias_delta_v1_1
эппл 14 plus	APPLE	IPHONE	14	iPhone 14 Plus	APPLE_IPHONE_14_PLUS	75	generated_alias_delta_v1_1
apple 14 plus	APPLE	IPHONE	14	iPhone 14 Plus	APPLE_IPHONE_14_PLUS	75	generated_alias_delta_v1_1
айфон 14 plus	APPLE	IPHONE	14	iPhone 14 Plus	APPLE_IPHONE_14_PLUS	75	generated_alias_delta_v1_1
iPhone 14 Plus	APPLE	IPHONE	14	iPhone 14 Plus	APPLE_IPHONE_14_PLUS	75	generated_alias_delta_v1_1
аппл iphone 14 plus	APPLE	IPHONE	14	iPhone 14 Plus	APPLE_IPHONE_14_PLUS	75	generated_alias_delta_v1_1
эппл iphone 14 plus	APPLE	IPHONE	14	iPhone 14 Plus	APPLE_IPHONE_14_PLUS	75	generated_alias_delta_v1_1
apple iphone 14 plus	APPLE	IPHONE	14	iPhone 14 Plus	APPLE_IPHONE_14_PLUS	75	generated_alias_delta_v1_1
айфон 3	APPLE	IPHONE	SE	iPhone SE (3rd generation)	APPLE_IPHONE_SE_3RD_GENERATION	75	generated_alias_delta_v1_1
iphone 3	APPLE	IPHONE	SE	iPhone SE (3rd generation)	APPLE_IPHONE_SE_3RD_GENERATION	75	generated_alias_delta_v1_1
айфон se	APPLE	IPHONE	SE	iPhone SE (3rd generation)	APPLE_IPHONE_SE_3RD_GENERATION	75	generated_alias_delta_v1_1
se3rdgeneration	APPLE	IPHONE	SE	iPhone SE (3rd generation)	APPLE_IPHONE_SE_3RD_GENERATION	75	generated_alias_delta_v1_1
3 rd generation)	APPLE	IPHONE	SE	iPhone SE (3rd generation)	APPLE_IPHONE_SE_3RD_GENERATION	75	generated_alias_delta_v1_1
se (3rd generation)	APPLE	IPHONE	SE	iPhone SE (3rd generation)	APPLE_IPHONE_SE_3RD_GENERATION	75	generated_alias_delta_v1_1
iphonese3rdgeneration	APPLE	IPHONE	SE	iPhone SE (3rd generation)	APPLE_IPHONE_SE_3RD_GENERATION	75	generated_alias_delta_v1_1
айфон 3 rd generation)	APPLE	IPHONE	SE	iPhone SE (3rd generation)	APPLE_IPHONE_SE_3RD_GENERATION	75	generated_alias_delta_v1_1
аппл se (3rd generation)	APPLE	IPHONE	SE	iPhone SE (3rd generation)	APPLE_IPHONE_SE_3RD_GENERATION	75	generated_alias_delta_v1_1
эппл se (3rd generation)	APPLE	IPHONE	SE	iPhone SE (3rd generation)	APPLE_IPHONE_SE_3RD_GENERATION	75	generated_alias_delta_v1_1
apple se (3rd generation)	APPLE	IPHONE	SE	iPhone SE (3rd generation)	APPLE_IPHONE_SE_3RD_GENERATION	75	generated_alias_delta_v1_1
iPhone SE (3rd generation)	APPLE	IPHONE	SE	iPhone SE (3rd generation)	APPLE_IPHONE_SE_3RD_GENERATION	75	generated_alias_delta_v1_1
аппл iphone se (3rd generation)	APPLE	IPHONE	SE	iPhone SE (3rd generation)	APPLE_IPHONE_SE_3RD_GENERATION	75	generated_alias_delta_v1_1
эппл iphone se (3rd generation)	APPLE	IPHONE	SE	iPhone SE (3rd generation)	APPLE_IPHONE_SE_3RD_GENERATION	75	generated_alias_delta_v1_1
apple iphone se (3rd generation)	APPLE	IPHONE	SE	iPhone SE (3rd generation)	APPLE_IPHONE_SE_3RD_GENERATION	75	generated_alias_delta_v1_1
rogphone8pro	ASUS	ROG_PHONE	8	ASUS ROG Phone 8 Pro	ASUS_ASUS_ROG_PHONE_8_PRO	75	generated_alias_delta_v1_1
rog phone 8 pro	ASUS	ROG_PHONE	8	ASUS ROG Phone 8 Pro	ASUS_ASUS_ROG_PHONE_8_PRO	75	generated_alias_delta_v1_1
asusrogphone8pro	ASUS	ROG_PHONE	8	ASUS ROG Phone 8 Pro	ASUS_ASUS_ROG_PHONE_8_PRO	75	generated_alias_delta_v1_1
ASUS ROG Phone 8 Pro	ASUS	ROG_PHONE	8	ASUS ROG Phone 8 Pro	ASUS_ASUS_ROG_PHONE_8_PRO	75	generated_alias_delta_v1_1
асус rog phone 8 pro	ASUS	ROG_PHONE	8	ASUS ROG Phone 8 Pro	ASUS_ASUS_ROG_PHONE_8_PRO	75	generated_alias_delta_v1_1
asus asus rog phone 8 pro	ASUS	ROG_PHONE	8	ASUS ROG Phone 8 Pro	ASUS_ASUS_ROG_PHONE_8_PRO	75	generated_alias_delta_v1_1
асус asus rog phone 8 pro	ASUS	ROG_PHONE	8	ASUS ROG Phone 8 Pro	ASUS_ASUS_ROG_PHONE_8_PRO	75	generated_alias_delta_v1_1
pixel7	GOOGLE	PIXEL	7	Pixel 7	GOOGLE_PIXEL_7	75	generated_alias_delta_v1_1
гугл 7	GOOGLE	PIXEL	7	Pixel 7	GOOGLE_PIXEL_7	75	generated_alias_delta_v1_1
Pixel 7	GOOGLE	PIXEL	7	Pixel 7	GOOGLE_PIXEL_7	75	generated_alias_delta_v1_1
google 7	GOOGLE	PIXEL	7	Pixel 7	GOOGLE_PIXEL_7	75	generated_alias_delta_v1_1
пиксель 7	GOOGLE	PIXEL	7	Pixel 7	GOOGLE_PIXEL_7	75	generated_alias_delta_v1_1
гугл pixel 7	GOOGLE	PIXEL	7	Pixel 7	GOOGLE_PIXEL_7	75	generated_alias_delta_v1_1
google pixel 7	GOOGLE	PIXEL	7	Pixel 7	GOOGLE_PIXEL_7	75	generated_alias_delta_v1_1
7pro	GOOGLE	PIXEL	7	Pixel 7 Pro	GOOGLE_PIXEL_7_PRO	75	generated_alias_delta_v1_1
7 pro	GOOGLE	PIXEL	7	Pixel 7 Pro	GOOGLE_PIXEL_7_PRO	75	generated_alias_delta_v1_1
pixel7pro	GOOGLE	PIXEL	7	Pixel 7 Pro	GOOGLE_PIXEL_7_PRO	75	generated_alias_delta_v1_1
гугл 7 pro	GOOGLE	PIXEL	7	Pixel 7 Pro	GOOGLE_PIXEL_7_PRO	75	generated_alias_delta_v1_1
Pixel 7 Pro	GOOGLE	PIXEL	7	Pixel 7 Pro	GOOGLE_PIXEL_7_PRO	75	generated_alias_delta_v1_1
google 7 pro	GOOGLE	PIXEL	7	Pixel 7 Pro	GOOGLE_PIXEL_7_PRO	75	generated_alias_delta_v1_1
пиксель 7 pro	GOOGLE	PIXEL	7	Pixel 7 Pro	GOOGLE_PIXEL_7_PRO	75	generated_alias_delta_v1_1
гугл pixel 7 pro	GOOGLE	PIXEL	7	Pixel 7 Pro	GOOGLE_PIXEL_7_PRO	75	generated_alias_delta_v1_1
google pixel 7 pro	GOOGLE	PIXEL	7	Pixel 7 Pro	GOOGLE_PIXEL_7_PRO	75	generated_alias_delta_v1_1
7a	GOOGLE	PIXEL	7A	Pixel 7a	GOOGLE_PIXEL_7A	75	generated_alias_delta_v1_1
pixel7a	GOOGLE	PIXEL	7A	Pixel 7a	GOOGLE_PIXEL_7A	75	generated_alias_delta_v1_1
гугл 7a	GOOGLE	PIXEL	7A	Pixel 7a	GOOGLE_PIXEL_7A	75	generated_alias_delta_v1_1
Pixel 7a	GOOGLE	PIXEL	7A	Pixel 7a	GOOGLE_PIXEL_7A	75	generated_alias_delta_v1_1
google 7a	GOOGLE	PIXEL	7A	Pixel 7a	GOOGLE_PIXEL_7A	75	generated_alias_delta_v1_1
пиксель 7a	GOOGLE	PIXEL	7A	Pixel 7a	GOOGLE_PIXEL_7A	75	generated_alias_delta_v1_1
гугл pixel 7a	GOOGLE	PIXEL	7A	Pixel 7a	GOOGLE_PIXEL_7A	75	generated_alias_delta_v1_1
google pixel 7a	GOOGLE	PIXEL	7A	Pixel 7a	GOOGLE_PIXEL_7A	75	generated_alias_delta_v1_1
9profold	GOOGLE	PIXEL	9	Pixel 9 Pro Fold	GOOGLE_PIXEL_9_PRO_FOLD	75	generated_alias_delta_v1_1
9 pro fold	GOOGLE	PIXEL	9	Pixel 9 Pro Fold	GOOGLE_PIXEL_9_PRO_FOLD	75	generated_alias_delta_v1_1
pixel9profold	GOOGLE	PIXEL	9	Pixel 9 Pro Fold	GOOGLE_PIXEL_9_PRO_FOLD	75	generated_alias_delta_v1_1
гугл 9 pro fold	GOOGLE	PIXEL	9	Pixel 9 Pro Fold	GOOGLE_PIXEL_9_PRO_FOLD	75	generated_alias_delta_v1_1
Pixel 9 Pro Fold	GOOGLE	PIXEL	9	Pixel 9 Pro Fold	GOOGLE_PIXEL_9_PRO_FOLD	75	generated_alias_delta_v1_1
google 9 pro fold	GOOGLE	PIXEL	9	Pixel 9 Pro Fold	GOOGLE_PIXEL_9_PRO_FOLD	75	generated_alias_delta_v1_1
пиксель 9 pro fold	GOOGLE	PIXEL	9	Pixel 9 Pro Fold	GOOGLE_PIXEL_9_PRO_FOLD	75	generated_alias_delta_v1_1
гугл pixel 9 pro fold	GOOGLE	PIXEL	9	Pixel 9 Pro Fold	GOOGLE_PIXEL_9_PRO_FOLD	75	generated_alias_delta_v1_1
google pixel 9 pro fold	GOOGLE	PIXEL	9	Pixel 9 Pro Fold	GOOGLE_PIXEL_9_PRO_FOLD	75	generated_alias_delta_v1_1
200pro	HONOR	HONOR_NUMBER	200	Honor 200 Pro	HONOR_HONOR_200_PRO	75	generated_alias_delta_v1_1
200 pro	HONOR	HONOR_NUMBER	200	Honor 200 Pro	HONOR_HONOR_200_PRO	75	generated_alias_delta_v1_1
honor200pro	HONOR	HONOR_NUMBER	200	Honor 200 Pro	HONOR_HONOR_200_PRO	75	generated_alias_delta_v1_1
Honor 200 Pro	HONOR	HONOR_NUMBER	200	Honor 200 Pro	HONOR_HONOR_200_PRO	75	generated_alias_delta_v1_1
хонор 200 pro	HONOR	HONOR_NUMBER	200	Honor 200 Pro	HONOR_HONOR_200_PRO	75	generated_alias_delta_v1_1
honor honor 200 pro	HONOR	HONOR_NUMBER	200	Honor 200 Pro	HONOR_HONOR_200_PRO	75	generated_alias_delta_v1_1
хонор honor 200 pro	HONOR	HONOR_NUMBER	200	Honor 200 Pro	HONOR_HONOR_200_PRO	75	generated_alias_delta_v1_1
x9c	HONOR	HONOR_X	X9	Honor X9c	HONOR_HONOR_X9C	75	generated_alias_delta_v1_1
honorx9c	HONOR	HONOR_X	X9	Honor X9c	HONOR_HONOR_X9C	75	generated_alias_delta_v1_1
Honor X9c	HONOR	HONOR_X	X9	Honor X9c	HONOR_HONOR_X9C	75	generated_alias_delta_v1_1
хонор x9c	HONOR	HONOR_X	X9	Honor X9c	HONOR_HONOR_X9C	75	generated_alias_delta_v1_1
honor honor x9c	HONOR	HONOR_X	X9	Honor X9c	HONOR_HONOR_X9C	75	generated_alias_delta_v1_1
хонор honor x9c	HONOR	HONOR_X	X9	Honor X9c	HONOR_HONOR_X9C	75	generated_alias_delta_v1_1
nova13pro	HUAWEI	HUAWEI_NOVA	NOVA_13	Huawei Nova 13 Pro	HUAWEI_HUAWEI_NOVA_13_PRO	75	generated_alias_delta_v1_1
nova 13 pro	HUAWEI	HUAWEI_NOVA	NOVA_13	Huawei Nova 13 Pro	HUAWEI_HUAWEI_NOVA_13_PRO	75	generated_alias_delta_v1_1
huaweinova13pro	HUAWEI	HUAWEI_NOVA	NOVA_13	Huawei Nova 13 Pro	HUAWEI_HUAWEI_NOVA_13_PRO	75	generated_alias_delta_v1_1
Huawei Nova 13 Pro	HUAWEI	HUAWEI_NOVA	NOVA_13	Huawei Nova 13 Pro	HUAWEI_HUAWEI_NOVA_13_PRO	75	generated_alias_delta_v1_1
хуавей nova 13 pro	HUAWEI	HUAWEI_NOVA	NOVA_13	Huawei Nova 13 Pro	HUAWEI_HUAWEI_NOVA_13_PRO	75	generated_alias_delta_v1_1
huawei huawei nova 13 pro	HUAWEI	HUAWEI_NOVA	NOVA_13	Huawei Nova 13 Pro	HUAWEI_HUAWEI_NOVA_13_PRO	75	generated_alias_delta_v1_1
хуавей huawei nova 13 pro	HUAWEI	HUAWEI_NOVA	NOVA_13	Huawei Nova 13 Pro	HUAWEI_HUAWEI_NOVA_13_PRO	75	generated_alias_delta_v1_1
g855g	MOTOROLA	MOTO_G	G85	Moto G85 5G	MOTOROLA_MOTO_G85_5G	75	generated_alias_delta_v1_1
g85 5g	MOTOROLA	MOTO_G	G85	Moto G85 5G	MOTOROLA_MOTO_G85_5G	75	generated_alias_delta_v1_1
motog855g	MOTOROLA	MOTO_G	G85	Moto G85 5G	MOTOROLA_MOTO_G85_5G	75	generated_alias_delta_v1_1
Moto G85 5G	MOTOROLA	MOTO_G	G85	Moto G85 5G	MOTOROLA_MOTO_G85_5G	75	generated_alias_delta_v1_1
motorola g85 5g	MOTOROLA	MOTO_G	G85	Moto G85 5G	MOTOROLA_MOTO_G85_5G	75	generated_alias_delta_v1_1
моторола g85 5g	MOTOROLA	MOTO_G	G85	Moto G85 5G	MOTOROLA_MOTO_G85_5G	75	generated_alias_delta_v1_1
moto moto g85 5g	MOTOROLA	MOTO_G	G85	Moto G85 5G	MOTOROLA_MOTO_G85_5G	75	generated_alias_delta_v1_1
motorola moto g85 5g	MOTOROLA	MOTO_G	G85	Moto G85 5G	MOTOROLA_MOTO_G85_5G	75	generated_alias_delta_v1_1
моторола moto g85 5g	MOTOROLA	MOTO_G	G85	Moto G85 5G	MOTOROLA_MOTO_G85_5G	75	generated_alias_delta_v1_1
edge50pro	MOTOROLA	MOTO_EDGE	EDGE_50	Motorola Edge 50 Pro	MOTOROLA_MOTOROLA_EDGE_50_PRO	75	generated_alias_delta_v1_1
edge 50 pro	MOTOROLA	MOTO_EDGE	EDGE_50	Motorola Edge 50 Pro	MOTOROLA_MOTOROLA_EDGE_50_PRO	75	generated_alias_delta_v1_1
moto edge 50 pro	MOTOROLA	MOTO_EDGE	EDGE_50	Motorola Edge 50 Pro	MOTOROLA_MOTOROLA_EDGE_50_PRO	75	generated_alias_delta_v1_1
motorolaedge50pro	MOTOROLA	MOTO_EDGE	EDGE_50	Motorola Edge 50 Pro	MOTOROLA_MOTOROLA_EDGE_50_PRO	75	generated_alias_delta_v1_1
Motorola Edge 50 Pro	MOTOROLA	MOTO_EDGE	EDGE_50	Motorola Edge 50 Pro	MOTOROLA_MOTOROLA_EDGE_50_PRO	75	generated_alias_delta_v1_1
моторола edge 50 pro	MOTOROLA	MOTO_EDGE	EDGE_50	Motorola Edge 50 Pro	MOTOROLA_MOTOROLA_EDGE_50_PRO	75	generated_alias_delta_v1_1
moto motorola edge 50 pro	MOTOROLA	MOTO_EDGE	EDGE_50	Motorola Edge 50 Pro	MOTOROLA_MOTOROLA_EDGE_50_PRO	75	generated_alias_delta_v1_1
motorola motorola edge 50 pro	MOTOROLA	MOTO_EDGE	EDGE_50	Motorola Edge 50 Pro	MOTOROLA_MOTOROLA_EDGE_50_PRO	75	generated_alias_delta_v1_1
моторола motorola edge 50 pro	MOTOROLA	MOTO_EDGE	EDGE_50	Motorola Edge 50 Pro	MOTOROLA_MOTOROLA_EDGE_50_PRO	75	generated_alias_delta_v1_1
razr50ultra	MOTOROLA	MOTO_RAZR	RAZR_50	Motorola Razr 50 Ultra	MOTOROLA_MOTOROLA_RAZR_50_ULTRA	75	generated_alias_delta_v1_1
razr 50 ultra	MOTOROLA	MOTO_RAZR	RAZR_50	Motorola Razr 50 Ultra	MOTOROLA_MOTOROLA_RAZR_50_ULTRA	75	generated_alias_delta_v1_1
moto razr 50 ultra	MOTOROLA	MOTO_RAZR	RAZR_50	Motorola Razr 50 Ultra	MOTOROLA_MOTOROLA_RAZR_50_ULTRA	75	generated_alias_delta_v1_1
motorolarazr50ultra	MOTOROLA	MOTO_RAZR	RAZR_50	Motorola Razr 50 Ultra	MOTOROLA_MOTOROLA_RAZR_50_ULTRA	75	generated_alias_delta_v1_1
Motorola Razr 50 Ultra	MOTOROLA	MOTO_RAZR	RAZR_50	Motorola Razr 50 Ultra	MOTOROLA_MOTOROLA_RAZR_50_ULTRA	75	generated_alias_delta_v1_1
моторола razr 50 ultra	MOTOROLA	MOTO_RAZR	RAZR_50	Motorola Razr 50 Ultra	MOTOROLA_MOTOROLA_RAZR_50_ULTRA	75	generated_alias_delta_v1_1
moto motorola razr 50 ultra	MOTOROLA	MOTO_RAZR	RAZR_50	Motorola Razr 50 Ultra	MOTOROLA_MOTOROLA_RAZR_50_ULTRA	75	generated_alias_delta_v1_1
motorola motorola razr 50 ultra	MOTOROLA	MOTO_RAZR	RAZR_50	Motorola Razr 50 Ultra	MOTOROLA_MOTOROLA_RAZR_50_ULTRA	75	generated_alias_delta_v1_1
моторола motorola razr 50 ultra	MOTOROLA	MOTO_RAZR	RAZR_50	Motorola Razr 50 Ultra	MOTOROLA_MOTOROLA_RAZR_50_ULTRA	75	generated_alias_delta_v1_1
phone2a	NOTHING	NOTHING_PHONE	PHONE_2A	Nothing Phone (2a)	NOTHING_NOTHING_PHONE_2A	75	generated_alias_delta_v1_1
phone (2a)	NOTHING	NOTHING_PHONE	PHONE_2A	Nothing Phone (2a)	NOTHING_NOTHING_PHONE_2A	75	generated_alias_delta_v1_1
насинг (2a)	NOTHING	NOTHING_PHONE	PHONE_2A	Nothing Phone (2a)	NOTHING_NOTHING_PHONE_2A	75	generated_alias_delta_v1_1
nothing (2a)	NOTHING	NOTHING_PHONE	PHONE_2A	Nothing Phone (2a)	NOTHING_NOTHING_PHONE_2A	75	generated_alias_delta_v1_1
nothingphone2a	NOTHING	NOTHING_PHONE	PHONE_2A	Nothing Phone (2a)	NOTHING_NOTHING_PHONE_2A	75	generated_alias_delta_v1_1
Nothing Phone (2a)	NOTHING	NOTHING_PHONE	PHONE_2A	Nothing Phone (2a)	NOTHING_NOTHING_PHONE_2A	75	generated_alias_delta_v1_1
насинг nothing phone (2a)	NOTHING	NOTHING_PHONE	PHONE_2A	Nothing Phone (2a)	NOTHING_NOTHING_PHONE_2A	75	generated_alias_delta_v1_1
nothing nothing phone (2a)	NOTHING	NOTHING_PHONE	PHONE_2A	Nothing Phone (2a)	NOTHING_NOTHING_PHONE_2A	75	generated_alias_delta_v1_1
nord4	ONEPLUS	ONEPLUS_NORD	NORD_4	OnePlus Nord 4	ONEPLUS_ONEPLUS_NORD_4	75	generated_alias_delta_v1_1
nord 4	ONEPLUS	ONEPLUS_NORD	NORD_4	OnePlus Nord 4	ONEPLUS_ONEPLUS_NORD_4	75	generated_alias_delta_v1_1
1plus nord 4	ONEPLUS	ONEPLUS_NORD	NORD_4	OnePlus Nord 4	ONEPLUS_ONEPLUS_NORD_4	75	generated_alias_delta_v1_1
oneplusnord4	ONEPLUS	ONEPLUS_NORD	NORD_4	OnePlus Nord 4	ONEPLUS_ONEPLUS_NORD_4	75	generated_alias_delta_v1_1
OnePlus Nord 4	ONEPLUS	ONEPLUS_NORD	NORD_4	OnePlus Nord 4	ONEPLUS_ONEPLUS_NORD_4	75	generated_alias_delta_v1_1
ванплас nord 4	ONEPLUS	ONEPLUS_NORD	NORD_4	OnePlus Nord 4	ONEPLUS_ONEPLUS_NORD_4	75	generated_alias_delta_v1_1
1plus oneplus nord 4	ONEPLUS	ONEPLUS_NORD	NORD_4	OnePlus Nord 4	ONEPLUS_ONEPLUS_NORD_4	75	generated_alias_delta_v1_1
oneplus oneplus nord 4	ONEPLUS	ONEPLUS_NORD	NORD_4	OnePlus Nord 4	ONEPLUS_ONEPLUS_NORD_4	75	generated_alias_delta_v1_1
ванплас oneplus nord 4	ONEPLUS	ONEPLUS_NORD	NORD_4	OnePlus Nord 4	ONEPLUS_ONEPLUS_NORD_4	75	generated_alias_delta_v1_1
reno13pro	OPPO	OPPO_RENO	RENO_13	OPPO Reno13 Pro	OPPO_OPPO_RENO13_PRO	75	generated_alias_delta_v1_1
reno13 pro	OPPO	OPPO_RENO	RENO_13	OPPO Reno13 Pro	OPPO_OPPO_RENO13_PRO	75	generated_alias_delta_v1_1
opporeno13pro	OPPO	OPPO_RENO	RENO_13	OPPO Reno13 Pro	OPPO_OPPO_RENO13_PRO	75	generated_alias_delta_v1_1
OPPO Reno13 Pro	OPPO	OPPO_RENO	RENO_13	OPPO Reno13 Pro	OPPO_OPPO_RENO13_PRO	75	generated_alias_delta_v1_1
оппо reno13 pro	OPPO	OPPO_RENO	RENO_13	OPPO Reno13 Pro	OPPO_OPPO_RENO13_PRO	75	generated_alias_delta_v1_1
oppo oppo reno13 pro	OPPO	OPPO_RENO	RENO_13	OPPO Reno13 Pro	OPPO_OPPO_RENO13_PRO	75	generated_alias_delta_v1_1
оппо oppo reno13 pro	OPPO	OPPO_RENO	RENO_13	OPPO Reno13 Pro	OPPO_OPPO_RENO13_PRO	75	generated_alias_delta_v1_1
14pro	REALME	REALME_NUMBER	14	realme 14 Pro+	REALME_REALME_14_PRO_PLUS	75	generated_alias_delta_v1_1
14 pro+	REALME	REALME_NUMBER	14	realme 14 Pro+	REALME_REALME_14_PRO_PLUS	75	generated_alias_delta_v1_1
realme14pro	REALME	REALME_NUMBER	14	realme 14 Pro+	REALME_REALME_14_PRO_PLUS	75	generated_alias_delta_v1_1
realme 14 Pro+	REALME	REALME_NUMBER	14	realme 14 Pro+	REALME_REALME_14_PRO_PLUS	75	generated_alias_delta_v1_1
реалми 14 pro+	REALME	REALME_NUMBER	14	realme 14 Pro+	REALME_REALME_14_PRO_PLUS	75	generated_alias_delta_v1_1
realme realme 14 pro+	REALME	REALME_NUMBER	14	realme 14 Pro+	REALME_REALME_14_PRO_PLUS	75	generated_alias_delta_v1_1
реалми realme 14 pro+	REALME	REALME_NUMBER	14	realme 14 Pro+	REALME_REALME_14_PRO_PLUS	75	generated_alias_delta_v1_1
note13	REDMI	REDMI_NOTE	NOTE_13	Redmi Note 13	REDMI_REDMI_NOTE_13	75	generated_alias_delta_v1_1
note 13	REDMI	REDMI_NOTE	NOTE_13	Redmi Note 13	REDMI_REDMI_NOTE_13	75	generated_alias_delta_v1_1
redminote13	REDMI	REDMI_NOTE	NOTE_13	Redmi Note 13	REDMI_REDMI_NOTE_13	75	generated_alias_delta_v1_1
redmi not 13	REDMI	REDMI_NOTE	NOTE_13	Redmi Note 13	REDMI_REDMI_NOTE_13	75	generated_alias_delta_v1_1
Redmi Note 13	REDMI	REDMI_NOTE	NOTE_13	Redmi Note 13	REDMI_REDMI_NOTE_13	75	generated_alias_delta_v1_1
redmi ноут 13	REDMI	REDMI_NOTE	NOTE_13	Redmi Note 13	REDMI_REDMI_NOTE_13	75	generated_alias_delta_v1_1
редми note 13	REDMI	REDMI_NOTE	NOTE_13	Redmi Note 13	REDMI_REDMI_NOTE_13	75	generated_alias_delta_v1_1
redmi redmi note 13	REDMI	REDMI_NOTE	NOTE_13	Redmi Note 13	REDMI_REDMI_NOTE_13	75	generated_alias_delta_v1_1
редми redmi note 13	REDMI	REDMI_NOTE	NOTE_13	Redmi Note 13	REDMI_REDMI_NOTE_13	75	generated_alias_delta_v1_1
s22	SAMSUNG	GALAXY_S	S22	Galaxy S22	SAMSUNG_GALAXY_S22	75	generated_alias_delta_v1_1
самс s22	SAMSUNG	GALAXY_S	S22	Galaxy S22	SAMSUNG_GALAXY_S22	75	generated_alias_delta_v1_1
galaxys22	SAMSUNG	GALAXY_S	S22	Galaxy S22	SAMSUNG_GALAXY_S22	75	generated_alias_delta_v1_1
Galaxy S22	SAMSUNG	GALAXY_S	S22	Galaxy S22	SAMSUNG_GALAXY_S22	75	generated_alias_delta_v1_1
samsung s22	SAMSUNG	GALAXY_S	S22	Galaxy S22	SAMSUNG_GALAXY_S22	75	generated_alias_delta_v1_1
самсунг s22	SAMSUNG	GALAXY_S	S22	Galaxy S22	SAMSUNG_GALAXY_S22	75	generated_alias_delta_v1_1
самс galaxy s22	SAMSUNG	GALAXY_S	S22	Galaxy S22	SAMSUNG_GALAXY_S22	75	generated_alias_delta_v1_1
samsung galaxy s22	SAMSUNG	GALAXY_S	S22	Galaxy S22	SAMSUNG_GALAXY_S22	75	generated_alias_delta_v1_1
самсунг galaxy s22	SAMSUNG	GALAXY_S	S22	Galaxy S22	SAMSUNG_GALAXY_S22	75	generated_alias_delta_v1_1
самсунг галакси s22	SAMSUNG	GALAXY_S	S22	Galaxy S22	SAMSUNG_GALAXY_S22	75	generated_alias_delta_v1_1
s22u	SAMSUNG	GALAXY_S	S22	Galaxy S22 Ultra	SAMSUNG_GALAXY_S22_ULTRA	75	generated_alias_delta_v1_1
s22ultra	SAMSUNG	GALAXY_S	S22	Galaxy S22 Ultra	SAMSUNG_GALAXY_S22_ULTRA	75	generated_alias_delta_v1_1
s22 ultra	SAMSUNG	GALAXY_S	S22	Galaxy S22 Ultra	SAMSUNG_GALAXY_S22_ULTRA	75	generated_alias_delta_v1_1
galaxys22ultra	SAMSUNG	GALAXY_S	S22	Galaxy S22 Ultra	SAMSUNG_GALAXY_S22_ULTRA	75	generated_alias_delta_v1_1
самс s22 ultra	SAMSUNG	GALAXY_S	S22	Galaxy S22 Ultra	SAMSUNG_GALAXY_S22_ULTRA	75	generated_alias_delta_v1_1
Galaxy S22 Ultra	SAMSUNG	GALAXY_S	S22	Galaxy S22 Ultra	SAMSUNG_GALAXY_S22_ULTRA	75	generated_alias_delta_v1_1
samsung s22 ultra	SAMSUNG	GALAXY_S	S22	Galaxy S22 Ultra	SAMSUNG_GALAXY_S22_ULTRA	75	generated_alias_delta_v1_1
самсунг s22 ultra	SAMSUNG	GALAXY_S	S22	Galaxy S22 Ultra	SAMSUNG_GALAXY_S22_ULTRA	75	generated_alias_delta_v1_1
самс galaxy s22 ultra	SAMSUNG	GALAXY_S	S22	Galaxy S22 Ultra	SAMSUNG_GALAXY_S22_ULTRA	75	generated_alias_delta_v1_1
samsung galaxy s22 ultra	SAMSUNG	GALAXY_S	S22	Galaxy S22 Ultra	SAMSUNG_GALAXY_S22_ULTRA	75	generated_alias_delta_v1_1
самсунг galaxy s22 ultra	SAMSUNG	GALAXY_S	S22	Galaxy S22 Ultra	SAMSUNG_GALAXY_S22_ULTRA	75	generated_alias_delta_v1_1
самсунг галакси s22 ultra	SAMSUNG	GALAXY_S	S22	Galaxy S22 Ultra	SAMSUNG_GALAXY_S22_ULTRA	75	generated_alias_delta_v1_1
a345g	SAMSUNG	GALAXY_A	A34	Galaxy A34 5G	SAMSUNG_GALAXY_A34_5G	75	generated_alias_delta_v1_1
a34 5g	SAMSUNG	GALAXY_A	A34	Galaxy A34 5G	SAMSUNG_GALAXY_A34_5G	75	generated_alias_delta_v1_1
galaxya345g	SAMSUNG	GALAXY_A	A34	Galaxy A34 5G	SAMSUNG_GALAXY_A34_5G	75	generated_alias_delta_v1_1
самс a34 5g	SAMSUNG	GALAXY_A	A34	Galaxy A34 5G	SAMSUNG_GALAXY_A34_5G	75	generated_alias_delta_v1_1
Galaxy A34 5G	SAMSUNG	GALAXY_A	A34	Galaxy A34 5G	SAMSUNG_GALAXY_A34_5G	75	generated_alias_delta_v1_1
samsung a34 5g	SAMSUNG	GALAXY_A	A34	Galaxy A34 5G	SAMSUNG_GALAXY_A34_5G	75	generated_alias_delta_v1_1
самсунг a34 5g	SAMSUNG	GALAXY_A	A34	Galaxy A34 5G	SAMSUNG_GALAXY_A34_5G	75	generated_alias_delta_v1_1
самс galaxy a34 5g	SAMSUNG	GALAXY_A	A34	Galaxy A34 5G	SAMSUNG_GALAXY_A34_5G	75	generated_alias_delta_v1_1
samsung galaxy a34 5g	SAMSUNG	GALAXY_A	A34	Galaxy A34 5G	SAMSUNG_GALAXY_A34_5G	75	generated_alias_delta_v1_1
самсунг galaxy a34 5g	SAMSUNG	GALAXY_A	A34	Galaxy A34 5G	SAMSUNG_GALAXY_A34_5G	75	generated_alias_delta_v1_1
самсунг галакси a34 5g	SAMSUNG	GALAXY_A	A34	Galaxy A34 5G	SAMSUNG_GALAXY_A34_5G	75	generated_alias_delta_v1_1
s23	SAMSUNG	GALAXY_S	S23	Galaxy S23+	SAMSUNG_GALAXY_S23_PLUS	75	generated_alias_delta_v1_1
s23+	SAMSUNG	GALAXY_S	S23	Galaxy S23+	SAMSUNG_GALAXY_S23_PLUS	75	generated_alias_delta_v1_1
galaxys23	SAMSUNG	GALAXY_S	S23	Galaxy S23+	SAMSUNG_GALAXY_S23_PLUS	75	generated_alias_delta_v1_1
самс s23+	SAMSUNG	GALAXY_S	S23	Galaxy S23+	SAMSUNG_GALAXY_S23_PLUS	75	generated_alias_delta_v1_1
Galaxy S23+	SAMSUNG	GALAXY_S	S23	Galaxy S23+	SAMSUNG_GALAXY_S23_PLUS	75	generated_alias_delta_v1_1
samsung s23+	SAMSUNG	GALAXY_S	S23	Galaxy S23+	SAMSUNG_GALAXY_S23_PLUS	75	generated_alias_delta_v1_1
самсунг s23+	SAMSUNG	GALAXY_S	S23	Galaxy S23+	SAMSUNG_GALAXY_S23_PLUS	75	generated_alias_delta_v1_1
самс galaxy s23+	SAMSUNG	GALAXY_S	S23	Galaxy S23+	SAMSUNG_GALAXY_S23_PLUS	75	generated_alias_delta_v1_1
samsung galaxy s23+	SAMSUNG	GALAXY_S	S23	Galaxy S23+	SAMSUNG_GALAXY_S23_PLUS	75	generated_alias_delta_v1_1
самсунг galaxy s23+	SAMSUNG	GALAXY_S	S23	Galaxy S23+	SAMSUNG_GALAXY_S23_PLUS	75	generated_alias_delta_v1_1
самсунг галакси s23+	SAMSUNG	GALAXY_S	S23	Galaxy S23+	SAMSUNG_GALAXY_S23_PLUS	75	generated_alias_delta_v1_1
zflip5	SAMSUNG	GALAXY_Z	Z_FLIP	Galaxy Z Flip5	SAMSUNG_GALAXY_Z_FLIP5	75	generated_alias_delta_v1_1
z flip5	SAMSUNG	GALAXY_Z	Z_FLIP	Galaxy Z Flip5	SAMSUNG_GALAXY_Z_FLIP5	75	generated_alias_delta_v1_1
galaxyzflip5	SAMSUNG	GALAXY_Z	Z_FLIP	Galaxy Z Flip5	SAMSUNG_GALAXY_Z_FLIP5	75	generated_alias_delta_v1_1
самс z flip5	SAMSUNG	GALAXY_Z	Z_FLIP	Galaxy Z Flip5	SAMSUNG_GALAXY_Z_FLIP5	75	generated_alias_delta_v1_1
Galaxy Z Flip5	SAMSUNG	GALAXY_Z	Z_FLIP	Galaxy Z Flip5	SAMSUNG_GALAXY_Z_FLIP5	75	generated_alias_delta_v1_1
samsung z flip5	SAMSUNG	GALAXY_Z	Z_FLIP	Galaxy Z Flip5	SAMSUNG_GALAXY_Z_FLIP5	75	generated_alias_delta_v1_1
самсунг z flip5	SAMSUNG	GALAXY_Z	Z_FLIP	Galaxy Z Flip5	SAMSUNG_GALAXY_Z_FLIP5	75	generated_alias_delta_v1_1
самс galaxy z flip5	SAMSUNG	GALAXY_Z	Z_FLIP	Galaxy Z Flip5	SAMSUNG_GALAXY_Z_FLIP5	75	generated_alias_delta_v1_1
samsung galaxy z flip5	SAMSUNG	GALAXY_Z	Z_FLIP	Galaxy Z Flip5	SAMSUNG_GALAXY_Z_FLIP5	75	generated_alias_delta_v1_1
самсунг galaxy z flip5	SAMSUNG	GALAXY_Z	Z_FLIP	Galaxy Z Flip5	SAMSUNG_GALAXY_Z_FLIP5	75	generated_alias_delta_v1_1
самсунг галакси z flip5	SAMSUNG	GALAXY_Z	Z_FLIP	Galaxy Z Flip5	SAMSUNG_GALAXY_Z_FLIP5	75	generated_alias_delta_v1_1
zfold5	SAMSUNG	GALAXY_Z	Z_FOLD	Galaxy Z Fold5	SAMSUNG_GALAXY_Z_FOLD5	75	generated_alias_delta_v1_1
z fold5	SAMSUNG	GALAXY_Z	Z_FOLD	Galaxy Z Fold5	SAMSUNG_GALAXY_Z_FOLD5	75	generated_alias_delta_v1_1
galaxyzfold5	SAMSUNG	GALAXY_Z	Z_FOLD	Galaxy Z Fold5	SAMSUNG_GALAXY_Z_FOLD5	75	generated_alias_delta_v1_1
самс z fold5	SAMSUNG	GALAXY_Z	Z_FOLD	Galaxy Z Fold5	SAMSUNG_GALAXY_Z_FOLD5	75	generated_alias_delta_v1_1
Galaxy Z Fold5	SAMSUNG	GALAXY_Z	Z_FOLD	Galaxy Z Fold5	SAMSUNG_GALAXY_Z_FOLD5	75	generated_alias_delta_v1_1
samsung z fold5	SAMSUNG	GALAXY_Z	Z_FOLD	Galaxy Z Fold5	SAMSUNG_GALAXY_Z_FOLD5	75	generated_alias_delta_v1_1
самсунг z fold5	SAMSUNG	GALAXY_Z	Z_FOLD	Galaxy Z Fold5	SAMSUNG_GALAXY_Z_FOLD5	75	generated_alias_delta_v1_1
самс galaxy z fold5	SAMSUNG	GALAXY_Z	Z_FOLD	Galaxy Z Fold5	SAMSUNG_GALAXY_Z_FOLD5	75	generated_alias_delta_v1_1
samsung galaxy z fold5	SAMSUNG	GALAXY_Z	Z_FOLD	Galaxy Z Fold5	SAMSUNG_GALAXY_Z_FOLD5	75	generated_alias_delta_v1_1
самсунг galaxy z fold5	SAMSUNG	GALAXY_Z	Z_FOLD	Galaxy Z Fold5	SAMSUNG_GALAXY_Z_FOLD5	75	generated_alias_delta_v1_1
самсунг галакси z fold5	SAMSUNG	GALAXY_Z	Z_FOLD	Galaxy Z Fold5	SAMSUNG_GALAXY_Z_FOLD5	75	generated_alias_delta_v1_1
m355g	SAMSUNG	GALAXY_M	M35	Galaxy M35 5G	SAMSUNG_GALAXY_M35_5G	75	generated_alias_delta_v1_1
m35 5g	SAMSUNG	GALAXY_M	M35	Galaxy M35 5G	SAMSUNG_GALAXY_M35_5G	75	generated_alias_delta_v1_1
galaxym355g	SAMSUNG	GALAXY_M	M35	Galaxy M35 5G	SAMSUNG_GALAXY_M35_5G	75	generated_alias_delta_v1_1
самс m35 5g	SAMSUNG	GALAXY_M	M35	Galaxy M35 5G	SAMSUNG_GALAXY_M35_5G	75	generated_alias_delta_v1_1
Galaxy M35 5G	SAMSUNG	GALAXY_M	M35	Galaxy M35 5G	SAMSUNG_GALAXY_M35_5G	75	generated_alias_delta_v1_1
samsung m35 5g	SAMSUNG	GALAXY_M	M35	Galaxy M35 5G	SAMSUNG_GALAXY_M35_5G	75	generated_alias_delta_v1_1
самсунг m35 5g	SAMSUNG	GALAXY_M	M35	Galaxy M35 5G	SAMSUNG_GALAXY_M35_5G	75	generated_alias_delta_v1_1
самс galaxy m35 5g	SAMSUNG	GALAXY_M	M35	Galaxy M35 5G	SAMSUNG_GALAXY_M35_5G	75	generated_alias_delta_v1_1
samsung galaxy m35 5g	SAMSUNG	GALAXY_M	M35	Galaxy M35 5G	SAMSUNG_GALAXY_M35_5G	75	generated_alias_delta_v1_1
самсунг galaxy m35 5g	SAMSUNG	GALAXY_M	M35	Galaxy M35 5G	SAMSUNG_GALAXY_M35_5G	75	generated_alias_delta_v1_1
самсунг галакси m35 5g	SAMSUNG	GALAXY_M	M35	Galaxy M35 5G	SAMSUNG_GALAXY_M35_5G	75	generated_alias_delta_v1_1
m555g	SAMSUNG	GALAXY_M	M55	Galaxy M55 5G	SAMSUNG_GALAXY_M55_5G	75	generated_alias_delta_v1_1
m55 5g	SAMSUNG	GALAXY_M	M55	Galaxy M55 5G	SAMSUNG_GALAXY_M55_5G	75	generated_alias_delta_v1_1
galaxym555g	SAMSUNG	GALAXY_M	M55	Galaxy M55 5G	SAMSUNG_GALAXY_M55_5G	75	generated_alias_delta_v1_1
самс m55 5g	SAMSUNG	GALAXY_M	M55	Galaxy M55 5G	SAMSUNG_GALAXY_M55_5G	75	generated_alias_delta_v1_1
Galaxy M55 5G	SAMSUNG	GALAXY_M	M55	Galaxy M55 5G	SAMSUNG_GALAXY_M55_5G	75	generated_alias_delta_v1_1
samsung m55 5g	SAMSUNG	GALAXY_M	M55	Galaxy M55 5G	SAMSUNG_GALAXY_M55_5G	75	generated_alias_delta_v1_1
самсунг m55 5g	SAMSUNG	GALAXY_M	M55	Galaxy M55 5G	SAMSUNG_GALAXY_M55_5G	75	generated_alias_delta_v1_1
самс galaxy m55 5g	SAMSUNG	GALAXY_M	M55	Galaxy M55 5G	SAMSUNG_GALAXY_M55_5G	75	generated_alias_delta_v1_1
samsung galaxy m55 5g	SAMSUNG	GALAXY_M	M55	Galaxy M55 5G	SAMSUNG_GALAXY_M55_5G	75	generated_alias_delta_v1_1
самсунг galaxy m55 5g	SAMSUNG	GALAXY_M	M55	Galaxy M55 5G	SAMSUNG_GALAXY_M55_5G	75	generated_alias_delta_v1_1
самсунг галакси m55 5g	SAMSUNG	GALAXY_M	M55	Galaxy M55 5G	SAMSUNG_GALAXY_M55_5G	75	generated_alias_delta_v1_1
xperia1vi	SONY	XPERIA_1	VI	Sony Xperia 1 VI	SONY_SONY_XPERIA_1_VI	75	generated_alias_delta_v1_1
xperia 1 vi	SONY	XPERIA_1	VI	Sony Xperia 1 VI	SONY_SONY_XPERIA_1_VI	75	generated_alias_delta_v1_1
sonyxperia1vi	SONY	XPERIA_1	VI	Sony Xperia 1 VI	SONY_SONY_XPERIA_1_VI	75	generated_alias_delta_v1_1
Sony Xperia 1 VI	SONY	XPERIA_1	VI	Sony Xperia 1 VI	SONY_SONY_XPERIA_1_VI	75	generated_alias_delta_v1_1
сони xperia 1 vi	SONY	XPERIA_1	VI	Sony Xperia 1 VI	SONY_SONY_XPERIA_1_VI	75	generated_alias_delta_v1_1
sony sony xperia 1 vi	SONY	XPERIA_1	VI	Sony Xperia 1 VI	SONY_SONY_XPERIA_1_VI	75	generated_alias_delta_v1_1
сони sony xperia 1 vi	SONY	XPERIA_1	VI	Sony Xperia 1 VI	SONY_SONY_XPERIA_1_VI	75	generated_alias_delta_v1_1
v50	VIVO	VIVO_V	V50	vivo V50	VIVO_VIVO_V50	75	generated_alias_delta_v1_1
vivov50	VIVO	VIVO_V	V50	vivo V50	VIVO_VIVO_V50	75	generated_alias_delta_v1_1
vivo V50	VIVO	VIVO_V	V50	vivo V50	VIVO_VIVO_V50	75	generated_alias_delta_v1_1
виво v50	VIVO	VIVO_V	V50	vivo V50	VIVO_VIVO_V50	75	generated_alias_delta_v1_1
vivo vivo v50	VIVO	VIVO_V	V50	vivo V50	VIVO_VIVO_V50	75	generated_alias_delta_v1_1
виво vivo v50	VIVO	VIVO_V	V50	vivo V50	VIVO_VIVO_V50	75	generated_alias_delta_v1_1
14t	XIAOMI	XIAOMI_T	14T	Xiaomi 14T	XIAOMI_XIAOMI_14T	75	generated_alias_delta_v1_1
ми 14t	XIAOMI	XIAOMI_T	14T	Xiaomi 14T	XIAOMI_XIAOMI_14T	75	generated_alias_delta_v1_1
xiaomi14t	XIAOMI	XIAOMI_T	14T	Xiaomi 14T	XIAOMI_XIAOMI_14T	75	generated_alias_delta_v1_1
сяоми 14t	XIAOMI	XIAOMI_T	14T	Xiaomi 14T	XIAOMI_XIAOMI_14T	75	generated_alias_delta_v1_1
Xiaomi 14T	XIAOMI	XIAOMI_T	14T	Xiaomi 14T	XIAOMI_XIAOMI_14T	75	generated_alias_delta_v1_1
ксяоми 14t	XIAOMI	XIAOMI_T	14T	Xiaomi 14T	XIAOMI_XIAOMI_14T	75	generated_alias_delta_v1_1
ми xiaomi 14t	XIAOMI	XIAOMI_T	14T	Xiaomi 14T	XIAOMI_XIAOMI_14T	75	generated_alias_delta_v1_1
сяоми xiaomi 14t	XIAOMI	XIAOMI_T	14T	Xiaomi 14T	XIAOMI_XIAOMI_14T	75	generated_alias_delta_v1_1
xiaomi xiaomi 14t	XIAOMI	XIAOMI_T	14T	Xiaomi 14T	XIAOMI_XIAOMI_14T	75	generated_alias_delta_v1_1
ксяоми xiaomi 14t	XIAOMI	XIAOMI_T	14T	Xiaomi 14T	XIAOMI_XIAOMI_14T	75	generated_alias_delta_v1_1
zenfone11ultra	ASUS	ZENFONE	11	ASUS Zenfone 11 Ultra	ASUS_ASUS_ZENFONE_11_ULTRA	60	generated_alias_delta_v1_1
zenfone 11 ultra	ASUS	ZENFONE	11	ASUS Zenfone 11 Ultra	ASUS_ASUS_ZENFONE_11_ULTRA	60	generated_alias_delta_v1_1
asuszenfone11ultra	ASUS	ZENFONE	11	ASUS Zenfone 11 Ultra	ASUS_ASUS_ZENFONE_11_ULTRA	60	generated_alias_delta_v1_1
ASUS Zenfone 11 Ultra	ASUS	ZENFONE	11	ASUS Zenfone 11 Ultra	ASUS_ASUS_ZENFONE_11_ULTRA	60	generated_alias_delta_v1_1
асус zenfone 11 ultra	ASUS	ZENFONE	11	ASUS Zenfone 11 Ultra	ASUS_ASUS_ZENFONE_11_ULTRA	60	generated_alias_delta_v1_1
asus asus zenfone 11 ultra	ASUS	ZENFONE	11	ASUS Zenfone 11 Ultra	ASUS_ASUS_ZENFONE_11_ULTRA	60	generated_alias_delta_v1_1
асус asus zenfone 11 ultra	ASUS	ZENFONE	11	ASUS Zenfone 11 Ultra	ASUS_ASUS_ZENFONE_11_ULTRA	60	generated_alias_delta_v1_1
blackviewbv9900pro	BLACKVIEW	BV	9900	Blackview BV9900 Pro	BLACKVIEW_BLACKVIEW_BV9900_PRO	60	generated_alias_delta_v1_1
Blackview BV9900 Pro	BLACKVIEW	BV	9900	Blackview BV9900 Pro	BLACKVIEW_BLACKVIEW_BV9900_PRO	60	generated_alias_delta_v1_1
блэквью blackview bv9900 pro	BLACKVIEW	BV	9900	Blackview BV9900 Pro	BLACKVIEW_BLACKVIEW_BV9900_PRO	60	generated_alias_delta_v1_1
blackview blackview bv9900 pro	BLACKVIEW	BV	9900	Blackview BV9900 Pro	BLACKVIEW_BLACKVIEW_BV9900_PRO	60	generated_alias_delta_v1_1
cats75	CAT	CAT_S	S75	CAT S75	CAT_CAT_S75	60	generated_alias_delta_v1_1
CAT S75	CAT	CAT_S	S75	CAT S75	CAT_CAT_S75	60	generated_alias_delta_v1_1
cat cat s75	CAT	CAT_S	S75	CAT S75	CAT_CAT_S75	60	generated_alias_delta_v1_1
caterpillar cat s75	CAT	CAT_S	S75	CAT S75	CAT_CAT_S75	60	generated_alias_delta_v1_1
катерпиллар cat s75	CAT	CAT_S	S75	CAT S75	CAT_CAT_S75	60	generated_alias_delta_v1_1
hot50pro	INFINIX	HOT	50	Infinix Hot 50 Pro+	INFINIX_INFINIX_HOT_50_PRO_PLUS	60	generated_alias_delta_v1_1
hot 50 pro+	INFINIX	HOT	50	Infinix Hot 50 Pro+	INFINIX_INFINIX_HOT_50_PRO_PLUS	60	generated_alias_delta_v1_1
infinixhot50pro	INFINIX	HOT	50	Infinix Hot 50 Pro+	INFINIX_INFINIX_HOT_50_PRO_PLUS	60	generated_alias_delta_v1_1
Infinix Hot 50 Pro+	INFINIX	HOT	50	Infinix Hot 50 Pro+	INFINIX_INFINIX_HOT_50_PRO_PLUS	60	generated_alias_delta_v1_1
инфиникс hot 50 pro+	INFINIX	HOT	50	Infinix Hot 50 Pro+	INFINIX_INFINIX_HOT_50_PRO_PLUS	60	generated_alias_delta_v1_1
infinix infinix hot 50 pro+	INFINIX	HOT	50	Infinix Hot 50 Pro+	INFINIX_INFINIX_HOT_50_PRO_PLUS	60	generated_alias_delta_v1_1
инфиникс infinix hot 50 pro+	INFINIX	HOT	50	Infinix Hot 50 Pro+	INFINIX_INFINIX_HOT_50_PRO_PLUS	60	generated_alias_delta_v1_1
note40pro5g	INFINIX	NOTE	40	Infinix Note 40 Pro+ 5G	INFINIX_INFINIX_NOTE_40_PRO_PLUS_5G	60	generated_alias_delta_v1_1
note 40 pro+ 5g	INFINIX	NOTE	40	Infinix Note 40 Pro+ 5G	INFINIX_INFINIX_NOTE_40_PRO_PLUS_5G	60	generated_alias_delta_v1_1
infinixnote40pro5g	INFINIX	NOTE	40	Infinix Note 40 Pro+ 5G	INFINIX_INFINIX_NOTE_40_PRO_PLUS_5G	60	generated_alias_delta_v1_1
Infinix Note 40 Pro+ 5G	INFINIX	NOTE	40	Infinix Note 40 Pro+ 5G	INFINIX_INFINIX_NOTE_40_PRO_PLUS_5G	60	generated_alias_delta_v1_1
инфиникс note 40 pro+ 5g	INFINIX	NOTE	40	Infinix Note 40 Pro+ 5G	INFINIX_INFINIX_NOTE_40_PRO_PLUS_5G	60	generated_alias_delta_v1_1
infinix infinix note 40 pro+ 5g	INFINIX	NOTE	40	Infinix Note 40 Pro+ 5G	INFINIX_INFINIX_NOTE_40_PRO_PLUS_5G	60	generated_alias_delta_v1_1
инфиникс infinix note 40 pro+ 5g	INFINIX	NOTE	40	Infinix Note 40 Pro+ 5G	INFINIX_INFINIX_NOTE_40_PRO_PLUS_5G	60	generated_alias_delta_v1_1
3310	NOKIA	NOKIA_OLD	3310	Nokia 3310	NOKIA_NOKIA_3310	60	generated_alias_delta_v1_1
nokia3310	NOKIA	NOKIA_OLD	3310	Nokia 3310	NOKIA_NOKIA_3310	60	generated_alias_delta_v1_1
Nokia 3310	NOKIA	NOKIA_OLD	3310	Nokia 3310	NOKIA_NOKIA_3310	60	generated_alias_delta_v1_1
нокиа 3310	NOKIA	NOKIA_OLD	3310	Nokia 3310	NOKIA_NOKIA_3310	60	generated_alias_delta_v1_1
nokia nokia 3310	NOKIA	NOKIA_OLD	3310	Nokia 3310	NOKIA_NOKIA_3310	60	generated_alias_delta_v1_1
нокиа nokia 3310	NOKIA	NOKIA_OLD	3310	Nokia 3310	NOKIA_NOKIA_3310	60	generated_alias_delta_v1_1
g425g	NOKIA	NOKIA_G	G42	Nokia G42 5G	NOKIA_NOKIA_G42_5G	60	generated_alias_delta_v1_1
g42 5g	NOKIA	NOKIA_G	G42	Nokia G42 5G	NOKIA_NOKIA_G42_5G	60	generated_alias_delta_v1_1
nokiag425g	NOKIA	NOKIA_G	G42	Nokia G42 5G	NOKIA_NOKIA_G42_5G	60	generated_alias_delta_v1_1
Nokia G42 5G	NOKIA	NOKIA_G	G42	Nokia G42 5G	NOKIA_NOKIA_G42_5G	60	generated_alias_delta_v1_1
нокиа g42 5g	NOKIA	NOKIA_G	G42	Nokia G42 5G	NOKIA_NOKIA_G42_5G	60	generated_alias_delta_v1_1
nokia nokia g42 5g	NOKIA	NOKIA_G	G42	Nokia G42 5G	NOKIA_NOKIA_G42_5G	60	generated_alias_delta_v1_1
нокиа nokia g42 5g	NOKIA	NOKIA_G	G42	Nokia G42 5G	NOKIA_NOKIA_G42_5G	60	generated_alias_delta_v1_1
cmfphone1	NOTHING	CMF_PHONE	PHONE_1	CMF Phone 1	NOTHING_CMF_PHONE_1	60	generated_alias_delta_v1_1
CMF Phone 1	NOTHING	CMF_PHONE	PHONE_1	CMF Phone 1	NOTHING_CMF_PHONE_1	60	generated_alias_delta_v1_1
насинг cmf phone 1	NOTHING	CMF_PHONE	PHONE_1	CMF Phone 1	NOTHING_CMF_PHONE_1	60	generated_alias_delta_v1_1
nothing cmf phone 1	NOTHING	CMF_PHONE	PHONE_1	CMF Phone 1	NOTHING_CMF_PHONE_1	60	generated_alias_delta_v1_1
a5pro5g	OPPO	OPPO_A	A5	OPPO A5 Pro 5G	OPPO_OPPO_A5_PRO_5G	60	generated_alias_delta_v1_1
a5 pro 5g	OPPO	OPPO_A	A5	OPPO A5 Pro 5G	OPPO_OPPO_A5_PRO_5G	60	generated_alias_delta_v1_1
oppoa5pro5g	OPPO	OPPO_A	A5	OPPO A5 Pro 5G	OPPO_OPPO_A5_PRO_5G	60	generated_alias_delta_v1_1
OPPO A5 Pro 5G	OPPO	OPPO_A	A5	OPPO A5 Pro 5G	OPPO_OPPO_A5_PRO_5G	60	generated_alias_delta_v1_1
оппо a5 pro 5g	OPPO	OPPO_A	A5	OPPO A5 Pro 5G	OPPO_OPPO_A5_PRO_5G	60	generated_alias_delta_v1_1
oppo oppo a5 pro 5g	OPPO	OPPO_A	A5	OPPO A5 Pro 5G	OPPO_OPPO_A5_PRO_5G	60	generated_alias_delta_v1_1
оппо oppo a5 pro 5g	OPPO	OPPO_A	A5	OPPO A5 Pro 5G	OPPO_OPPO_A5_PRO_5G	60	generated_alias_delta_v1_1
c75	REALME	REALME_C	C75	realme C75	REALME_REALME_C75	60	generated_alias_delta_v1_1
realmec75	REALME	REALME_C	C75	realme C75	REALME_REALME_C75	60	generated_alias_delta_v1_1
realme C75	REALME	REALME_C	C75	realme C75	REALME_REALME_C75	60	generated_alias_delta_v1_1
реалми c75	REALME	REALME_C	C75	realme C75	REALME_REALME_C75	60	generated_alias_delta_v1_1
realme realme c75	REALME	REALME_C	C75	realme C75	REALME_REALME_C75	60	generated_alias_delta_v1_1
реалми realme c75	REALME	REALME_C	C75	realme C75	REALME_REALME_C75	60	generated_alias_delta_v1_1
xperia5v	SONY	XPERIA_5	V	Sony Xperia 5 V	SONY_SONY_XPERIA_5_V	60	generated_alias_delta_v1_1
xperia 5 v	SONY	XPERIA_5	V	Sony Xperia 5 V	SONY_SONY_XPERIA_5_V	60	generated_alias_delta_v1_1
sonyxperia5v	SONY	XPERIA_5	V	Sony Xperia 5 V	SONY_SONY_XPERIA_5_V	60	generated_alias_delta_v1_1
Sony Xperia 5 V	SONY	XPERIA_5	V	Sony Xperia 5 V	SONY_SONY_XPERIA_5_V	60	generated_alias_delta_v1_1
сони xperia 5 v	SONY	XPERIA_5	V	Sony Xperia 5 V	SONY_SONY_XPERIA_5_V	60	generated_alias_delta_v1_1
sony sony xperia 5 v	SONY	XPERIA_5	V	Sony Xperia 5 V	SONY_SONY_XPERIA_5_V	60	generated_alias_delta_v1_1
сони sony xperia 5 v	SONY	XPERIA_5	V	Sony Xperia 5 V	SONY_SONY_XPERIA_5_V	60	generated_alias_delta_v1_1
camon30pro5g	TECNO	CAMON	30	Tecno Camon 30 Pro 5G	TECNO_TECNO_CAMON_30_PRO_5G	60	generated_alias_delta_v1_1
camon 30 pro 5g	TECNO	CAMON	30	Tecno Camon 30 Pro 5G	TECNO_TECNO_CAMON_30_PRO_5G	60	generated_alias_delta_v1_1
tecnocamon30pro5g	TECNO	CAMON	30	Tecno Camon 30 Pro 5G	TECNO_TECNO_CAMON_30_PRO_5G	60	generated_alias_delta_v1_1
Tecno Camon 30 Pro 5G	TECNO	CAMON	30	Tecno Camon 30 Pro 5G	TECNO_TECNO_CAMON_30_PRO_5G	60	generated_alias_delta_v1_1
текно camon 30 pro 5g	TECNO	CAMON	30	Tecno Camon 30 Pro 5G	TECNO_TECNO_CAMON_30_PRO_5G	60	generated_alias_delta_v1_1
tecno tecno camon 30 pro 5g	TECNO	CAMON	30	Tecno Camon 30 Pro 5G	TECNO_TECNO_CAMON_30_PRO_5G	60	generated_alias_delta_v1_1
текно tecno camon 30 pro 5g	TECNO	CAMON	30	Tecno Camon 30 Pro 5G	TECNO_TECNO_CAMON_30_PRO_5G	60	generated_alias_delta_v1_1
spark20pro	TECNO	SPARK	20	Tecno Spark 20 Pro+	TECNO_TECNO_SPARK_20_PRO_PLUS	60	generated_alias_delta_v1_1
spark 20 pro+	TECNO	SPARK	20	Tecno Spark 20 Pro+	TECNO_TECNO_SPARK_20_PRO_PLUS	60	generated_alias_delta_v1_1
tecnospark20pro	TECNO	SPARK	20	Tecno Spark 20 Pro+	TECNO_TECNO_SPARK_20_PRO_PLUS	60	generated_alias_delta_v1_1
Tecno Spark 20 Pro+	TECNO	SPARK	20	Tecno Spark 20 Pro+	TECNO_TECNO_SPARK_20_PRO_PLUS	60	generated_alias_delta_v1_1
текно spark 20 pro+	TECNO	SPARK	20	Tecno Spark 20 Pro+	TECNO_TECNO_SPARK_20_PRO_PLUS	60	generated_alias_delta_v1_1
tecno tecno spark 20 pro+	TECNO	SPARK	20	Tecno Spark 20 Pro+	TECNO_TECNO_SPARK_20_PRO_PLUS	60	generated_alias_delta_v1_1
текно tecno spark 20 pro+	TECNO	SPARK	20	Tecno Spark 20 Pro+	TECNO_TECNO_SPARK_20_PRO_PLUS	60	generated_alias_delta_v1_1
ulefonearmor27tpro	ULEFONE	ARMOR	27	Ulefone Armor 27T Pro	ULEFONE_ULEFONE_ARMOR_27T_PRO	60	generated_alias_delta_v1_1
Ulefone Armor 27T Pro	ULEFONE	ARMOR	27	Ulefone Armor 27T Pro	ULEFONE_ULEFONE_ARMOR_27T_PRO	60	generated_alias_delta_v1_1
улефон ulefone armor 27t pro	ULEFONE	ARMOR	27	Ulefone Armor 27T Pro	ULEFONE_ULEFONE_ARMOR_27T_PRO	60	generated_alias_delta_v1_1
ulefone ulefone armor 27t pro	ULEFONE	ARMOR	27	Ulefone Armor 27T Pro	ULEFONE_ULEFONE_ARMOR_27T_PRO	60	generated_alias_delta_v1_1
y2005g	VIVO	VIVO_Y	Y200	vivo Y200 5G	VIVO_VIVO_Y200_5G	60	generated_alias_delta_v1_1
y200 5g	VIVO	VIVO_Y	Y200	vivo Y200 5G	VIVO_VIVO_Y200_5G	60	generated_alias_delta_v1_1
vivoy2005g	VIVO	VIVO_Y	Y200	vivo Y200 5G	VIVO_VIVO_Y200_5G	60	generated_alias_delta_v1_1
vivo Y200 5G	VIVO	VIVO_Y	Y200	vivo Y200 5G	VIVO_VIVO_Y200_5G	60	generated_alias_delta_v1_1
виво y200 5g	VIVO	VIVO_Y	Y200	vivo Y200 5G	VIVO_VIVO_Y200_5G	60	generated_alias_delta_v1_1
vivo vivo y200 5g	VIVO	VIVO_Y	Y200	vivo Y200 5G	VIVO_VIVO_Y200_5G	60	generated_alias_delta_v1_1
виво vivo y200 5g	VIVO	VIVO_Y	Y200	vivo Y200 5G	VIVO_VIVO_Y200_5G	60	generated_alias_delta_v1_1
